"URL","type","status","detail"
"https://topcryptocards.eu/fr/cryptos","noindex-in-sitemap","200","robots noindex sur une URL de sitemap"
"https://topcryptocards.eu/de/cryptos","noindex-in-sitemap","200","robots noindex sur une URL de sitemap"
"https://topcryptocards.eu/es/cryptos","noindex-in-sitemap","200","robots noindex sur une URL de sitemap"
"https://topcryptocards.eu/it/cryptos","noindex-in-sitemap","200","robots noindex sur une URL de sitemap"
"https://topcryptocards.eu/en/cryptos","noindex-in-sitemap","200","robots noindex sur une URL de sitemap"
"https://topcryptocards.eu/be/comparer","noindex-in-sitemap","200","robots noindex sur une URL de sitemap"
"https://topcryptocards.eu/at/simulator","noindex-in-sitemap","200","robots noindex sur une URL de sitemap"
"https://topcryptocards.eu/be/simulateur","noindex-in-sitemap","200","robots noindex sur une URL de sitemap"
"https://topcryptocards.eu/at/vergleich","noindex-in-sitemap","200","robots noindex sur une URL de sitemap"
"https://topcryptocards.eu/at/empfehlung","noindex-in-sitemap","200","robots noindex sur une URL de sitemap"
"https://topcryptocards.eu/be/recommandation","noindex-in-sitemap","200","robots noindex sur une URL de sitemap"
"https://topcryptocards.eu/be/avis","noindex-in-sitemap","200","robots noindex sur une URL de sitemap"
"https://topcryptocards.eu/be/marques","noindex-in-sitemap","200","robots noindex sur une URL de sitemap"
"https://topcryptocards.eu/at/bewertungen","noindex-in-sitemap","200","robots noindex sur une URL de sitemap"
"https://topcryptocards.eu/at/marken","noindex-in-sitemap","200","robots noindex sur une URL de sitemap"
"https://topcryptocards.eu/be/alternatives-revolut","noindex-in-sitemap","200","robots noindex sur une URL de sitemap"
"https://topcryptocards.eu/at/revolut-alternativen","noindex-in-sitemap","200","robots noindex sur une URL de sitemap"
"https://topcryptocards.eu/be/alternatives-crypto-com","noindex-in-sitemap","200","robots noindex sur une URL de sitemap"
"https://topcryptocards.eu/at/crypto-com-alternativen","noindex-in-sitemap","200","robots noindex sur une URL de sitemap"
"https://topcryptocards.eu/be/alternatives-binance","noindex-in-sitemap","200","robots noindex sur une URL de sitemap"
"https://topcryptocards.eu/at/binance-alternativen","noindex-in-sitemap","200","robots noindex sur une URL de sitemap"
"https://topcryptocards.eu/be/alternatives-bybit","noindex-in-sitemap","200","robots noindex sur une URL de sitemap"
"https://topcryptocards.eu/at/bybit-alternativen","noindex-in-sitemap","200","robots noindex sur une URL de sitemap"
"https://topcryptocards.eu/be/alternatives-nexo","noindex-in-sitemap","200","robots noindex sur une URL de sitemap"
"https://topcryptocards.eu/at/nexo-alternativen","noindex-in-sitemap","200","robots noindex sur une URL de sitemap"
"https://topcryptocards.eu/be/alternatives-bitpanda","noindex-in-sitemap","200","robots noindex sur une URL de sitemap"
"https://topcryptocards.eu/at/bitpanda-alternativen","noindex-in-sitemap","200","robots noindex sur une URL de sitemap"
"https://topcryptocards.eu/be/alternatives-wirex","noindex-in-sitemap","200","robots noindex sur une URL de sitemap"
"https://topcryptocards.eu/at/wirex-alternativen","noindex-in-sitemap","200","robots noindex sur une URL de sitemap"
"https://topcryptocards.eu/be/alternatives-coinbase","noindex-in-sitemap","200","robots noindex sur une URL de sitemap"
"https://topcryptocards.eu/at/coinbase-alternativen","noindex-in-sitemap","200","robots noindex sur une URL de sitemap"
"https://topcryptocards.eu/be/alternatives-kraken","noindex-in-sitemap","200","robots noindex sur une URL de sitemap"
"https://topcryptocards.eu/at/kraken-alternativen","noindex-in-sitemap","200","robots noindex sur une URL de sitemap"
"https://topcryptocards.eu/be/alternatives-metamask","noindex-in-sitemap","200","robots noindex sur une URL de sitemap"
"https://topcryptocards.eu/at/metamask-alternativen","noindex-in-sitemap","200","robots noindex sur une URL de sitemap"
"https://topcryptocards.eu/be/alternatives-okx","noindex-in-sitemap","200","robots noindex sur une URL de sitemap"
"https://topcryptocards.eu/at/okx-alternativen","noindex-in-sitemap","200","robots noindex sur une URL de sitemap"
"https://topcryptocards.eu/be/alternatives-gnosis-pay","noindex-in-sitemap","200","robots noindex sur une URL de sitemap"
"https://topcryptocards.eu/at/gnosis-pay-alternativen","noindex-in-sitemap","200","robots noindex sur une URL de sitemap"
"https://topcryptocards.eu/be/alternatives-deblock","noindex-in-sitemap","200","robots noindex sur une URL de sitemap"
"https://topcryptocards.eu/at/deblock-alternativen","noindex-in-sitemap","200","robots noindex sur une URL de sitemap"
"https://topcryptocards.eu/be/alternatives-plutus","noindex-in-sitemap","200","robots noindex sur une URL de sitemap"
"https://topcryptocards.eu/at/plutus-alternativen","noindex-in-sitemap","200","robots noindex sur une URL de sitemap"
"https://topcryptocards.eu/be/alternatives-brighty","noindex-in-sitemap","200","robots noindex sur une URL de sitemap"
"https://topcryptocards.eu/at/brighty-alternativen","noindex-in-sitemap","200","robots noindex sur une URL de sitemap"
"https://topcryptocards.eu/be/alternatives-bleap","noindex-in-sitemap","200","robots noindex sur une URL de sitemap"
"https://topcryptocards.eu/at/bleap-alternativen","noindex-in-sitemap","200","robots noindex sur une URL de sitemap"
"https://topcryptocards.eu/be/outils-carte-crypto","noindex-in-sitemap","200","robots noindex sur une URL de sitemap"
"https://topcryptocards.eu/at/krypto-karte-tools","noindex-in-sitemap","200","robots noindex sur une URL de sitemap"
"https://topcryptocards.eu/etudes/krypto-karten-2026","soft-404","200","marqueur: 'existiert nicht'"
"https://topcryptocards.eu/be/methodologie","noindex-in-sitemap","200","robots noindex sur une URL de sitemap"
"https://topcryptocards.eu/at/methodik","noindex-in-sitemap","200","robots noindex sur une URL de sitemap"
"https://topcryptocards.eu/be/a-propos","noindex-in-sitemap","200","robots noindex sur une URL de sitemap"
"https://topcryptocards.eu/at/ueber-uns","noindex-in-sitemap","200","robots noindex sur une URL de sitemap"
"https://topcryptocards.eu/be/contact","noindex-in-sitemap","200","robots noindex sur une URL de sitemap"
"https://topcryptocards.eu/at/kontakt","noindex-in-sitemap","200","robots noindex sur une URL de sitemap"
"https://topcryptocards.eu/be/carte-crypto-virtuelle-vs-physique","noindex-in-sitemap","200","robots noindex sur une URL de sitemap"
"https://topcryptocards.eu/at/virtuelle-vs-physische-krypto-karte","noindex-in-sitemap","200","robots noindex sur une URL de sitemap"
"https://topcryptocards.eu/be/frais-cartes-crypto","noindex-in-sitemap","200","robots noindex sur une URL de sitemap"
"https://topcryptocards.eu/at/krypto-karten-gebuehren","noindex-in-sitemap","200","robots noindex sur une URL de sitemap"
"https://topcryptocards.eu/pt/cryptos","noindex-in-sitemap","200","robots noindex sur une URL de sitemap"
"https://topcryptocards.eu/fr/blog/carte-crypto-abonnements-remboursement","noindex-in-sitemap","200","robots noindex sur une URL de sitemap"
"https://topcryptocards.eu/de/blog/abonnements-zurueckerstattet-krypto-karte-netflix-spotify","noindex-in-sitemap","200","robots noindex sur une URL de sitemap"
"https://topcryptocards.eu/es/blog/suscripciones-reembolsadas-tarjeta-crypto-netflix-spotify","noindex-in-sitemap","200","robots noindex sur une URL de sitemap"
"https://topcryptocards.eu/it/blog/abbonamenti-rimborsati-carta-crypto-netflix-spotify-2025","noindex-in-sitemap","200","robots noindex sur une URL de sitemap"
"https://topcryptocards.eu/en/blog/crypto-card-subscription-refunds-netflix-spotify-2025","noindex-in-sitemap","200","robots noindex sur une URL de sitemap"
"https://topcryptocards.eu/fr/blog/erreurs-carte-crypto-debutants","noindex-in-sitemap","200","robots noindex sur une URL de sitemap"
"https://topcryptocards.eu/de/blog/anfaengerfehler-krypto-karte-vermeiden-2025","noindex-in-sitemap","200","robots noindex sur une URL de sitemap"
"https://topcryptocards.eu/es/blog/errores-comunes-principiantes-tarjetas-crypto-2025","noindex-in-sitemap","200","robots noindex sur une URL de sitemap"
"https://topcryptocards.eu/en/blog/beginner-mistakes-crypto-card-how-to-avoid-them","noindex-in-sitemap","200","robots noindex sur une URL de sitemap"
"https://topcryptocards.eu/it/blog/errori-comuni-principianti-carta-crypto-2025","noindex-in-sitemap","200","robots noindex sur une URL de sitemap"
"https://topcryptocards.eu/fr/blog/meilleure-carte-crypto-sans-staking-2026","noindex-in-sitemap","200","robots noindex sur une URL de sitemap"
"https://topcryptocards.eu/es/blog/mejor-tarjeta-crypto-sin-staking-2026","noindex-in-sitemap","200","robots noindex sur une URL de sitemap"
"https://topcryptocards.eu/de/blog/beste-krypto-karte-ohne-staking-2026","noindex-in-sitemap","200","robots noindex sur une URL de sitemap"
"https://topcryptocards.eu/en/blog/best-crypto-card-no-staking-2026","noindex-in-sitemap","200","robots noindex sur une URL de sitemap"
"https://topcryptocards.eu/fr/blog/meilleures-cartes-crypto-2026","noindex-in-sitemap","200","robots noindex sur une URL de sitemap"
"https://topcryptocards.eu/de/blog/beste-krypto-karten-2026","noindex-in-sitemap","200","robots noindex sur une URL de sitemap"
"https://topcryptocards.eu/es/blog/mejores-tarjetas-cripto-2026","noindex-in-sitemap","200","robots noindex sur une URL de sitemap"
"https://topcryptocards.eu/it/blog/migliori-carte-cripto-2026","noindex-in-sitemap","200","robots noindex sur une URL de sitemap"
"https://topcryptocards.eu/en/blog/best-crypto-cards-2026","noindex-in-sitemap","200","robots noindex sur une URL de sitemap"
"https://topcryptocards.eu/fr/blog/meilleures-cartes-crypto-europe-2025","noindex-in-sitemap","200","robots noindex sur une URL de sitemap"
"https://topcryptocards.eu/es/blog/mejores-tarjetas-crypto-europa-2025","noindex-in-sitemap","200","robots noindex sur une URL de sitemap"
"https://topcryptocards.eu/de/blog/beste-krypto-karten-europa-2025","noindex-in-sitemap","200","robots noindex sur une URL de sitemap"
"https://topcryptocards.eu/it/blog/migliori-carte-crypto-europa-2025","noindex-in-sitemap","200","robots noindex sur une URL de sitemap"
"https://topcryptocards.eu/en/blog/best-crypto-cards-available-in-europe-2025","noindex-in-sitemap","200","robots noindex sur une URL de sitemap"
"https://topcryptocards.eu/de/blog/brighty-card-erfahrungen-2026-bis-zu-4-prozent-cashback-ohne-staking","noindex-in-sitemap","200","robots noindex sur une URL de sitemap"
"https://topcryptocards.eu/fr/blog/defi-et-cartes-crypto-futur","noindex-in-sitemap","200","robots noindex sur une URL de sitemap"
"https://topcryptocards.eu/es/blog/defi-tarjetas-crypto-pagos-descentralizados-2025","noindex-in-sitemap","200","robots noindex sur une URL de sitemap"
"https://topcryptocards.eu/it/blog/defi-e-carte-crypto-futuro-pagamenti-decentralizzati-2025","noindex-in-sitemap","200","robots noindex sur une URL de sitemap"
"https://topcryptocards.eu/de/blog/defi-krypto-karten-dezentrale-zahlungen-2025","noindex-in-sitemap","200","robots noindex sur une URL de sitemap"
"https://topcryptocards.eu/fr/blog/cartes-crypto-sans-frais","noindex-in-sitemap","200","robots noindex sur une URL de sitemap"
"https://topcryptocards.eu/en/blog/defi-crypto-cards-future-decentralized-payments-2025","noindex-in-sitemap","200","robots noindex sur une URL de sitemap"
"https://topcryptocards.eu/de/blog/die-besten-gebuhrenfreien-kryptokarten-2025","noindex-in-sitemap","200","robots noindex sur une URL de sitemap"
"https://topcryptocards.eu/es/blog/las-mejores-tarjetas-cripto-sin-comisiones-en","noindex-in-sitemap","200","robots noindex sur une URL de sitemap"
"https://topcryptocards.eu/it/blog/le-migliori-carte-crypto-senza-commissioni-nel","noindex-in-sitemap","200","robots noindex sur une URL de sitemap"
"https://topcryptocards.eu/en/blog/the-best-zero-fee-crypto-cards-in-2025","noindex-in-sitemap","200","robots noindex sur une URL de sitemap"
"https://topcryptocards.eu/fr/blog/histoire-cartes-crypto-evolution","noindex-in-sitemap","200","robots noindex sur une URL de sitemap"
"https://topcryptocards.eu/de/blog/geschichte-krypto-karten-von-2017-bis-heute","noindex-in-sitemap","200","robots noindex sur une URL de sitemap"
"https://topcryptocards.eu/es/blog/historia-tarjetas-crypto-2017-hasta-hoy","noindex-in-sitemap","200","robots noindex sur une URL de sitemap"
"https://topcryptocards.eu/en/blog/history-of-crypto-cards-2017-to-2025","noindex-in-sitemap","200","robots noindex sur une URL de sitemap"
"https://topcryptocards.eu/it/blog/storia-carte-crypto-evoluzione-2017-2025","noindex-in-sitemap","200","robots noindex sur une URL de sitemap"
"https://topcryptocards.eu/de/blog/gnosis-pay-erfahrungen-2026-krypto-karte-self-custody-cashback","noindex-in-sitemap","200","robots noindex sur une URL de sitemap"
"https://topcryptocards.eu/fr/blog/nfc-paiement-sans-contact-carte-crypto","noindex-in-sitemap","200","robots noindex sur une URL de sitemap"
"https://topcryptocards.eu/de/blog/kontaktloses-bezahlen-apple-pay-krypto-karten-kompatibel-2025","noindex-in-sitemap","200","robots noindex sur une URL de sitemap"
"https://topcryptocards.eu/es/blog/tarjetas-crypto-apple-pay-google-pay-nfc-contactless-2025","noindex-in-sitemap","200","robots noindex sur une URL de sitemap"
"https://topcryptocards.eu/it/blog/carte-crypto-apple-pay-google-pay-nfc-contactless-2025","noindex-in-sitemap","200","robots noindex sur une URL de sitemap"
"https://topcryptocards.eu/en/blog/crypto-card-contactless-apple-pay-google-pay-2025","noindex-in-sitemap","200","robots noindex sur une URL de sitemap"
"https://topcryptocards.eu/fr/blog/carte-crypto-bitcoin-2026","noindex-in-sitemap","200","robots noindex sur une URL de sitemap"
"https://topcryptocards.eu/de/blog/krypto-karte-bitcoin-2026","noindex-in-sitemap","200","robots noindex sur une URL de sitemap"
"https://topcryptocards.eu/es/blog/tarjeta-cripto-bitcoin-2026","noindex-in-sitemap","200","robots noindex sur une URL de sitemap"
"https://topcryptocards.eu/it/blog/carta-cripto-bitcoin-2026","noindex-in-sitemap","200","robots noindex sur une URL de sitemap"
"https://topcryptocards.eu/en/blog/crypto-card-bitcoin-2026","noindex-in-sitemap","200","robots noindex sur une URL de sitemap"
"https://topcryptocards.eu/it/blog/carta-cripto-prelievo-contanti-2026","noindex-in-sitemap","200","robots noindex sur une URL de sitemap"
"https://topcryptocards.eu/es/blog/tarjeta-cripto-cajero-automatico-2026","noindex-in-sitemap","200","robots noindex sur une URL de sitemap"
"https://topcryptocards.eu/fr/blog/carte-crypto-retraits-atm-monde","noindex-in-sitemap","200","robots noindex sur une URL de sitemap"
"https://topcryptocards.eu/de/blog/krypto-karte-geldautomat-abheben-laender-guide-2025","noindex-in-sitemap","200","robots noindex sur une URL de sitemap"
"https://topcryptocards.eu/es/blog/retiros-cajero-automatico-tarjeta-crypto-guia-por-paises","noindex-in-sitemap","200","robots noindex sur une URL de sitemap"
"https://topcryptocards.eu/it/blog/prelievi-atm-carta-crypto-guida-completa-per-paese","noindex-in-sitemap","200","robots noindex sur une URL de sitemap"
"https://topcryptocards.eu/en/blog/crypto-card-atm-withdrawals-by-country-guide-2025","noindex-in-sitemap","200","robots noindex sur une URL de sitemap"
"https://topcryptocards.eu/fr/blog/carte-crypto-sans-kyc-guide","noindex-in-sitemap","200","robots noindex sur une URL de sitemap"
"https://topcryptocards.eu/es/blog/tarjeta-crypto-sin-kyc-guia","noindex-in-sitemap","200","robots noindex sur une URL de sitemap"
"https://topcryptocards.eu/de/blog/krypto-karte-ohne-kyc-guide","noindex-in-sitemap","200","robots noindex sur une URL de sitemap"
"https://topcryptocards.eu/it/blog/carta-cripto-senza-kyc-guida","noindex-in-sitemap","200","robots noindex sur une URL de sitemap"
"https://topcryptocards.eu/en/blog/crypto-card-no-kyc-guide","noindex-in-sitemap","200","robots noindex sur une URL de sitemap"
"https://topcryptocards.eu/fr/blog/carte-crypto-payer-en-ligne-2026","noindex-in-sitemap","200","robots noindex sur une URL de sitemap"
"https://topcryptocards.eu/es/blog/tarjeta-cripto-pagar-online-2026","noindex-in-sitemap","200","robots noindex sur une URL de sitemap"
"https://topcryptocards.eu/it/blog/carta-cripto-pagare-online-2026","noindex-in-sitemap","200","robots noindex sur une URL de sitemap"
"https://topcryptocards.eu/de/blog/krypto-karte-online-bezahlen-2026","noindex-in-sitemap","200","robots noindex sur une URL de sitemap"
"https://topcryptocards.eu/en/blog/crypto-card-pay-online-2026","noindex-in-sitemap","200","robots noindex sur une URL de sitemap"
"https://topcryptocards.eu/de/blog/krypto-karte-praemien-vorteile-guide","noindex-in-sitemap","200","robots noindex sur une URL de sitemap"
"https://topcryptocards.eu/es/blog/tarjeta-crypto-recompensas-ventajas-guia","noindex-in-sitemap","200","robots noindex sur une URL de sitemap"
"https://topcryptocards.eu/it/blog/carta-crypto-premi-vantaggi-guida","noindex-in-sitemap","200","robots noindex sur une URL de sitemap"
"https://topcryptocards.eu/en/blog/crypto-card-rewards-benefits-guide","noindex-in-sitemap","200","robots noindex sur une URL de sitemap"
"https://topcryptocards.eu/de/blog/krypto-karte-reise-kompletter-guide","noindex-in-sitemap","200","robots noindex sur une URL de sitemap"
"https://topcryptocards.eu/it/blog/carta-crypto-viaggio-guida-completa","noindex-in-sitemap","200","robots noindex sur une URL de sitemap"
"https://topcryptocards.eu/es/blog/tarjeta-crypto-viaje-guia-completa","noindex-in-sitemap","200","robots noindex sur une URL de sitemap"
"https://topcryptocards.eu/en/blog/crypto-card-travel-complete-guide","noindex-in-sitemap","200","robots noindex sur une URL de sitemap"
"https://topcryptocards.eu/fr/blog/securite-carte-crypto-conseils","noindex-in-sitemap","200","robots noindex sur une URL de sitemap"
"https://topcryptocards.eu/de/blog/krypto-karte-sichern-8-wichtige-sicherheitstipps","noindex-in-sitemap","200","robots noindex sur une URL de sitemap"
"https://topcryptocards.eu/it/blog/sicurezza-carta-crypto-8-pratiche-essenziali-2025","noindex-in-sitemap","200","robots noindex sur une URL de sitemap"
"https://topcryptocards.eu/es/blog/como-proteger-tu-tarjeta-crypto-buenas-practicas-seguridad","noindex-in-sitemap","200","robots noindex sur une URL de sitemap"
"https://topcryptocards.eu/en/blog/secure-your-crypto-card-8-essential-best-practices","noindex-in-sitemap","200","robots noindex sur une URL de sitemap"
"https://topcryptocards.eu/fr/blog/carte-crypto-taux-de-change-2026","noindex-in-sitemap","200","robots noindex sur une URL de sitemap"
"https://topcryptocards.eu/de/blog/krypto-karte-wechselkurs-2026","noindex-in-sitemap","200","robots noindex sur une URL de sitemap"
"https://topcryptocards.eu/es/blog/tarjeta-cripto-tipo-cambio-2026","noindex-in-sitemap","200","robots noindex sur une URL de sitemap"
"https://topcryptocards.eu/it/blog/carta-cripto-tasso-cambio-2026","noindex-in-sitemap","200","robots noindex sur une URL de sitemap"
"https://topcryptocards.eu/en/blog/crypto-card-exchange-rate-2026","noindex-in-sitemap","200","robots noindex sur une URL de sitemap"
"https://topcryptocards.eu/fr/blog/comment-maximiser-cashback-carte-crypto","noindex-in-sitemap","200","robots noindex sur une URL de sitemap"
"https://topcryptocards.eu/de/blog/krypto-karten-cashback-maximieren-strategien-2025","noindex-in-sitemap","200","robots noindex sur une URL de sitemap"
"https://topcryptocards.eu/es/blog/maximizar-cashback-tarjeta-crypto-estrategias-avanzadas","noindex-in-sitemap","200","robots noindex sur une URL de sitemap"
"https://topcryptocards.eu/it/blog/massimizzare-cashback-carta-crypto-strategie-avanzate-2025","noindex-in-sitemap","200","robots noindex sur une URL de sitemap"
"https://topcryptocards.eu/de/blog/krypto-karten-cashback-stablecoin-usdc-usdt-vergleich","noindex-in-sitemap","200","robots noindex sur une URL de sitemap"
"https://topcryptocards.eu/en/blog/how-to-maximize-crypto-card-cashback-advanced-strategies","noindex-in-sitemap","200","robots noindex sur une URL de sitemap"
"https://topcryptocards.eu/en/blog/crypto-cards-stablecoin-cashback-usdc-usdt-2025","noindex-in-sitemap","200","robots noindex sur une URL de sitemap"
"https://topcryptocards.eu/fr/blog/carte-crypto-pour-entreprise","noindex-in-sitemap","200","robots noindex sur une URL de sitemap"
"https://topcryptocards.eu/de/blog/krypto-karten-fuer-unternehmen-und-freelancer-2025","noindex-in-sitemap","200","robots noindex sur une URL de sitemap"
"https://topcryptocards.eu/es/blog/tarjetas-crypto-para-empresas-y-freelances-2025","noindex-in-sitemap","200","robots noindex sur une URL de sitemap"
"https://topcryptocards.eu/it/blog/carte-crypto-per-aziende-e-freelance-2025","noindex-in-sitemap","200","robots noindex sur une URL de sitemap"
"https://topcryptocards.eu/en/blog/crypto-cards-for-businesses-and-freelancers-2025","noindex-in-sitemap","200","robots noindex sur une URL de sitemap"
"https://topcryptocards.eu/fr/blog/cartes-crypto-guide-debutant","noindex-in-sitemap","200","robots noindex sur une URL de sitemap"
"https://topcryptocards.eu/de/blog/krypto-karten-leitfaden-einsteiger","noindex-in-sitemap","200","robots noindex sur une URL de sitemap"
"https://topcryptocards.eu/es/blog/tarjetas-crypto-guia-principiante","noindex-in-sitemap","200","robots noindex sur une URL de sitemap"
"https://topcryptocards.eu/it/blog/carte-crypto-guida-principiante","noindex-in-sitemap","200","robots noindex sur une URL de sitemap"
"https://topcryptocards.eu/en/blog/beginners-guide-crypto-cards","noindex-in-sitemap","200","robots noindex sur une URL de sitemap"
"https://topcryptocards.eu/de/blog/krypto-karten-ohne-kyc-2026-realitaet-oder-mythos","noindex-in-sitemap","200","robots noindex sur une URL de sitemap"
"https://topcryptocards.eu/fr/blog/carte-crypto-self-custody-2026","noindex-in-sitemap","200","robots noindex sur une URL de sitemap"
"https://topcryptocards.eu/de/blog/krypto-karten-self-custody-2026","noindex-in-sitemap","200","robots noindex sur une URL de sitemap"
"https://topcryptocards.eu/es/blog/tarjetas-crypto-self-custody-2026","noindex-in-sitemap","200","robots noindex sur une URL de sitemap"
"https://topcryptocards.eu/it/blog/carte-crypto-self-custody-2026","noindex-in-sitemap","200","robots noindex sur une URL de sitemap"
"https://topcryptocards.eu/en/blog/self-custody-crypto-cards-2026","noindex-in-sitemap","200","robots noindex sur une URL de sitemap"
"https://topcryptocards.eu/de/blog/ledger-card-erfahrungen-2026-btc-cashback-hardware-wallet","noindex-in-sitemap","200","robots noindex sur une URL de sitemap"
"https://topcryptocards.eu/de/blog/metamask-card-erfahrungen-2026-eth-wallet-bezahlen","noindex-in-sitemap","200","robots noindex sur une URL de sitemap"
"https://topcryptocards.eu/de/blog/reisen-mit-krypto-karte-vorteile-2025","noindex-in-sitemap","200","robots noindex sur une URL de sitemap"
"https://topcryptocards.eu/fr/blog/carte-crypto-voyage-avantages","noindex-in-sitemap","200","robots noindex sur une URL de sitemap"
"https://topcryptocards.eu/es/blog/viajar-con-tarjeta-crypto-ventajas-2025","noindex-in-sitemap","200","robots noindex sur une URL de sitemap"
"https://topcryptocards.eu/it/blog/viaggiare-con-carta-crypto-vantaggi-2025","noindex-in-sitemap","200","robots noindex sur une URL de sitemap"
"https://topcryptocards.eu/en/blog/travel-with-crypto-card-benefits-2025","noindex-in-sitemap","200","robots noindex sur une URL de sitemap"
"https://topcryptocards.eu/es/blog/staking-y-tarjetas-cripto-todo-lo-que-necesitas-saber-antes-de","noindex-in-sitemap","200","robots noindex sur une URL de sitemap"
"https://topcryptocards.eu/it/blog/staking-e-carte-crypto-tutto-quello-che-devi-sapere-prima-di","noindex-in-sitemap","200","robots noindex sur une URL de sitemap"
"https://topcryptocards.eu/de/blog/staking-und-kryptokarten-alles-was-sie-wissen-mussen-bevor-sie","noindex-in-sitemap","200","robots noindex sur une URL de sitemap"
"https://topcryptocards.eu/en/blog/staking-and-crypto-cards-everything-you-need-to-know-before","noindex-in-sitemap","200","robots noindex sur une URL de sitemap"
"https://topcryptocards.eu/fr/blog/carte-crypto-virtuelle-guide-complet","noindex-in-sitemap","200","robots noindex sur une URL de sitemap"
"https://topcryptocards.eu/de/blog/virtuelle-krypto-karte-leitfaden","noindex-in-sitemap","200","robots noindex sur une URL de sitemap"
"https://topcryptocards.eu/es/blog/tarjeta-crypto-virtual-guia-completa","noindex-in-sitemap","200","robots noindex sur une URL de sitemap"
"https://topcryptocards.eu/it/blog/carta-crypto-virtuale-guida-completa","noindex-in-sitemap","200","robots noindex sur une URL de sitemap"
"https://topcryptocards.eu/en/blog/virtual-crypto-card-complete-guide","noindex-in-sitemap","200","robots noindex sur une URL de sitemap"
"https://topcryptocards.eu/fr/blog/quelle-carte-crypto-choisir-2026","noindex-in-sitemap","200","robots noindex sur une URL de sitemap"
"https://topcryptocards.eu/de/blog/welche-krypto-karte-waehlen-2026","noindex-in-sitemap","200","robots noindex sur une URL de sitemap"
"https://topcryptocards.eu/es/blog/que-tarjeta-cripto-elegir-2026","noindex-in-sitemap","200","robots noindex sur une URL de sitemap"
"https://topcryptocards.eu/it/blog/quale-carta-cripto-scegliere-2026","noindex-in-sitemap","200","robots noindex sur une URL de sitemap"
"https://topcryptocards.eu/en/blog/which-crypto-card-to-choose-2026","noindex-in-sitemap","200","robots noindex sur une URL de sitemap"
"https://topcryptocards.eu/de/blog/wie-wahle-ich-2025-eine-kryptokarte-aus-der-komplette","noindex-in-sitemap","200","robots noindex sur une URL de sitemap"
"https://topcryptocards.eu/es/blog/como-elegir-una-tarjeta-cripto-en-2025-la-guia","noindex-in-sitemap","200","robots noindex sur une URL de sitemap"
"https://topcryptocards.eu/it/blog/come-scegliere-una-carta-crypto-nel-2025-la-guida","noindex-in-sitemap","200","robots noindex sur une URL de sitemap"
"https://topcryptocards.eu/en/blog/how-to-choose-a-crypto-card-in-2025-the-complete","noindex-in-sitemap","200","robots noindex sur une URL de sitemap"
"https://topcryptocards.eu/fr/blog/ethereum-solana-cashback-differences","noindex-in-sitemap","200","robots noindex sur une URL de sitemap"
"https://topcryptocards.eu/it/blog/cashback-ethereum-solana-differenze-bitcoin-carte-crypto","noindex-in-sitemap","200","robots noindex sur une URL de sitemap"
"https://topcryptocards.eu/es/blog/cashback-ethereum-solana-diferencias-bitcoin-tarjetas-crypto","noindex-in-sitemap","200","robots noindex sur une URL de sitemap"
"https://topcryptocards.eu/fr/blog/bitcoin-cashback-carte-crypto","noindex-in-sitemap","200","robots noindex sur une URL de sitemap"
"https://topcryptocards.eu/fr/cartes/1inch-card","noindex-in-sitemap","200","robots noindex sur une URL de sitemap"
"https://topcryptocards.eu/fr/cartes/avici-card","noindex-in-sitemap","200","robots noindex sur une URL de sitemap"
"https://topcryptocards.eu/fr/cartes/banxe-card","noindex-in-sitemap","200","robots noindex sur une URL de sitemap"
"https://topcryptocards.eu/fr/cartes/avalanche-card","noindex-in-sitemap","200","robots noindex sur une URL de sitemap"
"https://topcryptocards.eu/fr/cartes/based-card","noindex-in-sitemap","200","robots noindex sur une URL de sitemap"
"https://topcryptocards.eu/fr/cartes/bingx-metal-card","noindex-in-sitemap","200","robots noindex sur une URL de sitemap"
"https://topcryptocards.eu/fr/cartes/bingx-virtual-card","noindex-in-sitemap","200","robots noindex sur une URL de sitemap"
"https://topcryptocards.eu/fr/cartes/bitrefill-card","noindex-in-sitemap","200","robots noindex sur une URL de sitemap"
"https://topcryptocards.eu/fr/cartes/cex-io-card","noindex-in-sitemap","200","robots noindex sur une URL de sitemap"
"https://topcryptocards.eu/fr/cartes/blackcatcard","noindex-in-sitemap","200","robots noindex sur une URL de sitemap"
"https://topcryptocards.eu/fr/cartes/chainscard","noindex-in-sitemap","200","robots noindex sur une URL de sitemap"
"https://topcryptocards.eu/fr/cartes/coca-visa-card","noindex-in-sitemap","200","robots noindex sur une URL de sitemap"
"https://topcryptocards.eu/fr/cartes/coin98-fusion-card","noindex-in-sitemap","200","robots noindex sur une URL de sitemap"
"https://topcryptocards.eu/fr/cartes/coinzoom-card","noindex-in-sitemap","200","robots noindex sur une URL de sitemap"
"https://topcryptocards.eu/fr/cartes/cypher-card","noindex-in-sitemap","200","robots noindex sur une URL de sitemap"
"https://topcryptocards.eu/fr/cartes/cryptolife-card","noindex-in-sitemap","200","robots noindex sur une URL de sitemap"
"https://topcryptocards.eu/fr/cartes/exa-card","noindex-in-sitemap","200","robots noindex sur une URL de sitemap"
"https://topcryptocards.eu/fr/cartes/exodus-spend-card","noindex-in-sitemap","200","robots noindex sur une URL de sitemap"
"https://topcryptocards.eu/fr/cartes/fuse-card","noindex-in-sitemap","200","robots noindex sur une URL de sitemap"
"https://topcryptocards.eu/fr/cartes/fiat24-debit","noindex-in-sitemap","200","robots noindex sur une URL de sitemap"
"https://topcryptocards.eu/fr/cartes/holyheld-card","noindex-in-sitemap","200","robots noindex sur une URL de sitemap"
"https://topcryptocards.eu/fr/cartes/kardpay-card","noindex-in-sitemap","200","robots noindex sur une URL de sitemap"
"https://topcryptocards.eu/fr/cartes/kast-card","noindex-in-sitemap","200","robots noindex sur une URL de sitemap"
"https://topcryptocards.eu/fr/cartes/kem-infinity-card","noindex-in-sitemap","200","robots noindex sur une URL de sitemap"
"https://topcryptocards.eu/fr/cartes/kolo-card","noindex-in-sitemap","200","robots noindex sur une URL de sitemap"
"https://topcryptocards.eu/fr/cartes/laso-card","noindex-in-sitemap","200","robots noindex sur une URL de sitemap"
"https://topcryptocards.eu/fr/cartes/mexc-ether-fi-card","noindex-in-sitemap","200","robots noindex sur une URL de sitemap"
"https://topcryptocards.eu/fr/cartes/moonwell-card","noindex-in-sitemap","200","robots noindex sur une URL de sitemap"
"https://topcryptocards.eu/fr/cartes/nebeus-card","noindex-in-sitemap","200","robots noindex sur une URL de sitemap"
"https://topcryptocards.eu/fr/cartes/offramp-spend-card","noindex-in-sitemap","200","robots noindex sur une URL de sitemap"
"https://topcryptocards.eu/fr/cartes/onboard-flex-card","noindex-in-sitemap","200","robots noindex sur une URL de sitemap"
"https://topcryptocards.eu/fr/cartes/pay3-card","noindex-in-sitemap","200","robots noindex sur une URL de sitemap"
"https://topcryptocards.eu/fr/cartes/pintopay-card","noindex-in-sitemap","200","robots noindex sur une URL de sitemap"
"https://topcryptocards.eu/fr/cartes/pexx-card","noindex-in-sitemap","200","robots noindex sur une URL de sitemap"
"https://topcryptocards.eu/fr/cartes/plasma-one-card","noindex-in-sitemap","200","robots noindex sur une URL de sitemap"
"https://topcryptocards.eu/fr/cartes/quicko-digital-card","noindex-in-sitemap","200","robots noindex sur une URL de sitemap"
"https://topcryptocards.eu/fr/cartes/redotpay-card","noindex-in-sitemap","200","robots noindex sur une URL de sitemap"
"https://topcryptocards.eu/fr/cartes/rebind-card","noindex-in-sitemap","200","robots noindex sur une URL de sitemap"
"https://topcryptocards.eu/fr/cartes/ready-card","noindex-in-sitemap","200","robots noindex sur une URL de sitemap"
"https://topcryptocards.eu/fr/cartes/rizon-visa-card","noindex-in-sitemap","200","robots noindex sur une URL de sitemap"
"https://topcryptocards.eu/fr/cartes/senturopay-card","noindex-in-sitemap","200","robots noindex sur une URL de sitemap"
"https://topcryptocards.eu/fr/cartes/solid-card","noindex-in-sitemap","200","robots noindex sur une URL de sitemap"
"https://topcryptocards.eu/fr/cartes/solcard","noindex-in-sitemap","200","robots noindex sur une URL de sitemap"
"https://topcryptocards.eu/fr/cartes/solflare-card","noindex-in-sitemap","200","robots noindex sur une URL de sitemap"
"https://topcryptocards.eu/fr/cartes/spritz-card","noindex-in-sitemap","200","robots noindex sur une URL de sitemap"
"https://topcryptocards.eu/fr/cartes/stables-card","noindex-in-sitemap","200","robots noindex sur une URL de sitemap"
"https://topcryptocards.eu/fr/cartes/swype-fun-card","noindex-in-sitemap","200","robots noindex sur une URL de sitemap"
"https://topcryptocards.eu/fr/cartes/thorwallet-card","noindex-in-sitemap","200","robots noindex sur une URL de sitemap"
"https://topcryptocards.eu/fr/cartes/tap-card","noindex-in-sitemap","200","robots noindex sur une URL de sitemap"
"https://topcryptocards.eu/fr/cartes/trastra-crypto-card","noindex-in-sitemap","200","robots noindex sur une URL de sitemap"
"https://topcryptocards.eu/fr/cartes/tonhub-card","noindex-in-sitemap","200","robots noindex sur une URL de sitemap"
"https://topcryptocards.eu/fr/cartes/tria-card","noindex-in-sitemap","200","robots noindex sur une URL de sitemap"
"https://topcryptocards.eu/fr/cartes/trustee-plus-card","noindex-in-sitemap","200","robots noindex sur une URL de sitemap"
"https://topcryptocards.eu/fr/cartes/tuyo-card","noindex-in-sitemap","200","robots noindex sur une URL de sitemap"
"https://topcryptocards.eu/fr/cartes/uphold-card","noindex-in-sitemap","200","robots noindex sur une URL de sitemap"
"https://topcryptocards.eu/fr/cartes/ugly-visa-card","noindex-in-sitemap","200","robots noindex sur une URL de sitemap"
"https://topcryptocards.eu/fr/cartes/ur-debit-card","noindex-in-sitemap","200","robots noindex sur une URL de sitemap"
"https://topcryptocards.eu/fr/cartes/utorg-crypto-card","noindex-in-sitemap","200","robots noindex sur une URL de sitemap"
"https://topcryptocards.eu/fr/cartes/wallbit-card","noindex-in-sitemap","200","robots noindex sur une URL de sitemap"
"https://topcryptocards.eu/fr/cartes/xapo-card","noindex-in-sitemap","200","robots noindex sur une URL de sitemap"
"https://topcryptocards.eu/fr/cartes/xplace-card","noindex-in-sitemap","200","robots noindex sur une URL de sitemap"
"https://topcryptocards.eu/fr/cartes/xportal-card","noindex-in-sitemap","200","robots noindex sur une URL de sitemap"
"https://topcryptocards.eu/fr/cartes/zebec-card","noindex-in-sitemap","200","robots noindex sur une URL de sitemap"
"https://topcryptocards.eu/be/cartes/1inch-card","noindex-in-sitemap","200","robots noindex sur une URL de sitemap"
"https://topcryptocards.eu/be/cartes/avici-card","noindex-in-sitemap","200","robots noindex sur une URL de sitemap"
"https://topcryptocards.eu/be/cartes/avalanche-card","noindex-in-sitemap","200","robots noindex sur une URL de sitemap"
"https://topcryptocards.eu/be/cartes/bingx-metal-card","noindex-in-sitemap","200","robots noindex sur une URL de sitemap"
"https://topcryptocards.eu/be/cartes/banxe-card","noindex-in-sitemap","200","robots noindex sur une URL de sitemap"
"https://topcryptocards.eu/be/cartes/based-card","noindex-in-sitemap","200","robots noindex sur une URL de sitemap"
"https://topcryptocards.eu/be/cartes/bit2me-card","noindex-in-sitemap","200","robots noindex sur une URL de sitemap"
"https://topcryptocards.eu/be/cartes/bingx-virtual-card","noindex-in-sitemap","200","robots noindex sur une URL de sitemap"
"https://topcryptocards.eu/be/cartes/bitpanda-card","noindex-in-sitemap","200","robots noindex sur une URL de sitemap"
"https://topcryptocards.eu/be/cartes/bleap-crypto-card","noindex-in-sitemap","200","robots noindex sur une URL de sitemap"
"https://topcryptocards.eu/be/cartes/bitrefill-card","noindex-in-sitemap","200","robots noindex sur une URL de sitemap"
"https://topcryptocards.eu/be/cartes/blackcatcard","noindex-in-sitemap","200","robots noindex sur une URL de sitemap"
"https://topcryptocards.eu/be/cartes/cex-io-card","noindex-in-sitemap","200","robots noindex sur une URL de sitemap"
"https://topcryptocards.eu/be/cartes/chainscard","noindex-in-sitemap","200","robots noindex sur une URL de sitemap"
"https://topcryptocards.eu/be/cartes/coinzoom-card","noindex-in-sitemap","200","robots noindex sur une URL de sitemap"
"https://topcryptocards.eu/be/cartes/coin98-fusion-card","noindex-in-sitemap","200","robots noindex sur une URL de sitemap"
"https://topcryptocards.eu/be/cartes/coca-visa-card","noindex-in-sitemap","200","robots noindex sur une URL de sitemap"
"https://topcryptocards.eu/be/cartes/crypto-com-frosted-rose","noindex-in-sitemap","200","robots noindex sur une URL de sitemap"
"https://topcryptocards.eu/be/cartes/crypto-com-midnight-blue","noindex-in-sitemap","200","robots noindex sur une URL de sitemap"
"https://topcryptocards.eu/be/cartes/crypto-com-jade-green","noindex-in-sitemap","200","robots noindex sur une URL de sitemap"
"https://topcryptocards.eu/be/cartes/crypto-com-royal-indigo","noindex-in-sitemap","200","robots noindex sur une URL de sitemap"
"https://topcryptocards.eu/be/cartes/cryptolife-card","noindex-in-sitemap","200","robots noindex sur une URL de sitemap"
"https://topcryptocards.eu/be/cartes/crypto-com-ruby-steel","noindex-in-sitemap","200","robots noindex sur une URL de sitemap"
"https://topcryptocards.eu/be/cartes/cypher-card","noindex-in-sitemap","200","robots noindex sur une URL de sitemap"
"https://topcryptocards.eu/be/cartes/exa-card","noindex-in-sitemap","200","robots noindex sur une URL de sitemap"
"https://topcryptocards.eu/be/cartes/ether-fi-cash","noindex-in-sitemap","200","robots noindex sur une URL de sitemap"
"https://topcryptocards.eu/be/cartes/exodus-spend-card","noindex-in-sitemap","200","robots noindex sur une URL de sitemap"
"https://topcryptocards.eu/be/cartes/gate-card","noindex-in-sitemap","200","robots noindex sur une URL de sitemap"
"https://topcryptocards.eu/be/cartes/fiat24-debit","noindex-in-sitemap","200","robots noindex sur une URL de sitemap"
"https://topcryptocards.eu/be/cartes/fuse-card","noindex-in-sitemap","200","robots noindex sur une URL de sitemap"
"https://topcryptocards.eu/be/cartes/kardpay-card","noindex-in-sitemap","200","robots noindex sur une URL de sitemap"
"https://topcryptocards.eu/be/cartes/gnosis-pay-card","noindex-in-sitemap","200","robots noindex sur une URL de sitemap"
"https://topcryptocards.eu/be/cartes/holyheld-card","noindex-in-sitemap","200","robots noindex sur une URL de sitemap"
"https://topcryptocards.eu/be/cartes/kem-infinity-card","noindex-in-sitemap","200","robots noindex sur une URL de sitemap"
"https://topcryptocards.eu/be/cartes/kolo-card","noindex-in-sitemap","200","robots noindex sur une URL de sitemap"
"https://topcryptocards.eu/be/cartes/kast-card","noindex-in-sitemap","200","robots noindex sur une URL de sitemap"
"https://topcryptocards.eu/be/cartes/kraken-krak-card","noindex-in-sitemap","200","robots noindex sur une URL de sitemap"
"https://topcryptocards.eu/be/cartes/ledger-cl-card","noindex-in-sitemap","200","robots noindex sur une URL de sitemap"
"https://topcryptocards.eu/be/cartes/metamask-card","noindex-in-sitemap","200","robots noindex sur une URL de sitemap"
"https://topcryptocards.eu/be/cartes/laso-card","noindex-in-sitemap","200","robots noindex sur une URL de sitemap"
"https://topcryptocards.eu/be/cartes/mexc-ether-fi-card","noindex-in-sitemap","200","robots noindex sur une URL de sitemap"
"https://topcryptocards.eu/be/cartes/moonwell-card","noindex-in-sitemap","200","robots noindex sur une URL de sitemap"
"https://topcryptocards.eu/be/cartes/nebeus-card","noindex-in-sitemap","200","robots noindex sur une URL de sitemap"
"https://topcryptocards.eu/be/cartes/offramp-spend-card","noindex-in-sitemap","200","robots noindex sur une URL de sitemap"
"https://topcryptocards.eu/be/cartes/nexo-card","noindex-in-sitemap","200","robots noindex sur une URL de sitemap"
"https://topcryptocards.eu/be/cartes/okx-card","noindex-in-sitemap","200","robots noindex sur une URL de sitemap"
"https://topcryptocards.eu/be/cartes/onboard-flex-card","noindex-in-sitemap","200","robots noindex sur une URL de sitemap"
"https://topcryptocards.eu/be/cartes/pay3-card","noindex-in-sitemap","200","robots noindex sur une URL de sitemap"
"https://topcryptocards.eu/be/cartes/pexx-card","noindex-in-sitemap","200","robots noindex sur une URL de sitemap"
"https://topcryptocards.eu/be/cartes/plasma-one-card","noindex-in-sitemap","200","robots noindex sur une URL de sitemap"
"https://topcryptocards.eu/be/cartes/pintopay-card","noindex-in-sitemap","200","robots noindex sur une URL de sitemap"
"https://topcryptocards.eu/be/cartes/quicko-digital-card","noindex-in-sitemap","200","robots noindex sur une URL de sitemap"
"https://topcryptocards.eu/be/cartes/plutus-card","noindex-in-sitemap","200","robots noindex sur une URL de sitemap"
"https://topcryptocards.eu/be/cartes/ready-card","noindex-in-sitemap","200","robots noindex sur une URL de sitemap"
"https://topcryptocards.eu/be/cartes/rebind-card","noindex-in-sitemap","200","robots noindex sur une URL de sitemap"
"https://topcryptocards.eu/be/cartes/rizon-visa-card","noindex-in-sitemap","200","robots noindex sur une URL de sitemap"
"https://topcryptocards.eu/be/cartes/redotpay-card","noindex-in-sitemap","200","robots noindex sur une URL de sitemap"
"https://topcryptocards.eu/be/cartes/senturopay-card","noindex-in-sitemap","200","robots noindex sur une URL de sitemap"
"https://topcryptocards.eu/be/cartes/revolut-metal","noindex-in-sitemap","200","robots noindex sur une URL de sitemap"
"https://topcryptocards.eu/be/cartes/solflare-card","noindex-in-sitemap","200","robots noindex sur une URL de sitemap"
"https://topcryptocards.eu/be/cartes/solcard","noindex-in-sitemap","200","robots noindex sur une URL de sitemap"
"https://topcryptocards.eu/be/cartes/spritz-card","noindex-in-sitemap","200","robots noindex sur une URL de sitemap"
"https://topcryptocards.eu/be/cartes/solid-card","noindex-in-sitemap","200","robots noindex sur une URL de sitemap"
"https://topcryptocards.eu/be/cartes/stables-card","noindex-in-sitemap","200","robots noindex sur une URL de sitemap"
"https://topcryptocards.eu/be/cartes/swype-fun-card","noindex-in-sitemap","200","robots noindex sur une URL de sitemap"
"https://topcryptocards.eu/be/cartes/tap-card","noindex-in-sitemap","200","robots noindex sur une URL de sitemap"
"https://topcryptocards.eu/be/cartes/thorwallet-card","noindex-in-sitemap","200","robots noindex sur une URL de sitemap"
"https://topcryptocards.eu/be/cartes/tonhub-card","noindex-in-sitemap","200","robots noindex sur une URL de sitemap"
"https://topcryptocards.eu/be/cartes/trade-republic-card","noindex-in-sitemap","200","robots noindex sur une URL de sitemap"
"https://topcryptocards.eu/be/cartes/trastra-crypto-card","noindex-in-sitemap","200","robots noindex sur une URL de sitemap"
"https://topcryptocards.eu/be/cartes/tuyo-card","noindex-in-sitemap","200","robots noindex sur une URL de sitemap"
"https://topcryptocards.eu/be/cartes/tria-card","noindex-in-sitemap","200","robots noindex sur une URL de sitemap"
"https://topcryptocards.eu/be/cartes/trustee-plus-card","noindex-in-sitemap","200","robots noindex sur une URL de sitemap"
"https://topcryptocards.eu/be/cartes/ugly-visa-card","noindex-in-sitemap","200","robots noindex sur une URL de sitemap"
"https://topcryptocards.eu/be/cartes/uphold-card","noindex-in-sitemap","200","robots noindex sur une URL de sitemap"
"https://topcryptocards.eu/be/cartes/ur-debit-card","noindex-in-sitemap","200","robots noindex sur une URL de sitemap"
"https://topcryptocards.eu/be/cartes/utorg-crypto-card","noindex-in-sitemap","200","robots noindex sur une URL de sitemap"
"https://topcryptocards.eu/be/cartes/wallbit-card","noindex-in-sitemap","200","robots noindex sur une URL de sitemap"
"https://topcryptocards.eu/be/cartes/whitebit-nova","noindex-in-sitemap","200","robots noindex sur une URL de sitemap"
"https://topcryptocards.eu/be/cartes/xapo-card","noindex-in-sitemap","200","robots noindex sur une URL de sitemap"
"https://topcryptocards.eu/be/cartes/xplace-card","noindex-in-sitemap","200","robots noindex sur une URL de sitemap"
"https://topcryptocards.eu/be/cartes/xportal-card","noindex-in-sitemap","200","robots noindex sur une URL de sitemap"
"https://topcryptocards.eu/be/cartes/zebec-card","noindex-in-sitemap","200","robots noindex sur une URL de sitemap"
"https://topcryptocards.eu/de/karten/1inch-card","noindex-in-sitemap","200","robots noindex sur une URL de sitemap"
"https://topcryptocards.eu/de/karten/avici-card","noindex-in-sitemap","200","robots noindex sur une URL de sitemap"
"https://topcryptocards.eu/de/karten/banxe-card","noindex-in-sitemap","200","robots noindex sur une URL de sitemap"
"https://topcryptocards.eu/de/karten/avalanche-card","noindex-in-sitemap","200","robots noindex sur une URL de sitemap"
"https://topcryptocards.eu/de/karten/bingx-metal-card","noindex-in-sitemap","200","robots noindex sur une URL de sitemap"
"https://topcryptocards.eu/de/karten/based-card","noindex-in-sitemap","200","robots noindex sur une URL de sitemap"
"https://topcryptocards.eu/de/karten/bingx-virtual-card","noindex-in-sitemap","200","robots noindex sur une URL de sitemap"
"https://topcryptocards.eu/de/karten/bitnob-virtual-card","noindex-in-sitemap","200","robots noindex sur une URL de sitemap"
"https://topcryptocards.eu/de/karten/bitrefill-card","noindex-in-sitemap","200","robots noindex sur une URL de sitemap"
"https://topcryptocards.eu/de/karten/blackcatcard","noindex-in-sitemap","200","robots noindex sur une URL de sitemap"
"https://topcryptocards.eu/de/karten/cex-io-card","noindex-in-sitemap","200","robots noindex sur une URL de sitemap"
"https://topcryptocards.eu/de/karten/chainscard","noindex-in-sitemap","200","robots noindex sur une URL de sitemap"
"https://topcryptocards.eu/de/karten/coca-visa-card","noindex-in-sitemap","200","robots noindex sur une URL de sitemap"
"https://topcryptocards.eu/de/karten/coin98-fusion-card","noindex-in-sitemap","200","robots noindex sur une URL de sitemap"
"https://topcryptocards.eu/de/karten/coinzoom-card","noindex-in-sitemap","200","robots noindex sur une URL de sitemap"
"https://topcryptocards.eu/de/karten/cryptolife-card","noindex-in-sitemap","200","robots noindex sur une URL de sitemap"
"https://topcryptocards.eu/de/karten/cypher-card","noindex-in-sitemap","200","robots noindex sur une URL de sitemap"
"https://topcryptocards.eu/de/karten/exodus-spend-card","noindex-in-sitemap","200","robots noindex sur une URL de sitemap"
"https://topcryptocards.eu/de/karten/exa-card","noindex-in-sitemap","200","robots noindex sur une URL de sitemap"
"https://topcryptocards.eu/de/karten/fuse-card","noindex-in-sitemap","200","robots noindex sur une URL de sitemap"
"https://topcryptocards.eu/de/karten/fiat24-debit","noindex-in-sitemap","200","robots noindex sur une URL de sitemap"
"https://topcryptocards.eu/de/karten/holyheld-card","noindex-in-sitemap","200","robots noindex sur une URL de sitemap"
"https://topcryptocards.eu/de/karten/kast-card","noindex-in-sitemap","200","robots noindex sur une URL de sitemap"
"https://topcryptocards.eu/de/karten/kardpay-card","noindex-in-sitemap","200","robots noindex sur une URL de sitemap"
"https://topcryptocards.eu/de/karten/kem-infinity-card","noindex-in-sitemap","200","robots noindex sur une URL de sitemap"
"https://topcryptocards.eu/de/karten/kolo-card","noindex-in-sitemap","200","robots noindex sur une URL de sitemap"
"https://topcryptocards.eu/de/karten/laso-card","noindex-in-sitemap","200","robots noindex sur une URL de sitemap"
"https://topcryptocards.eu/de/karten/mexc-ether-fi-card","noindex-in-sitemap","200","robots noindex sur une URL de sitemap"
"https://topcryptocards.eu/de/karten/nebeus-card","noindex-in-sitemap","200","robots noindex sur une URL de sitemap"
"https://topcryptocards.eu/de/karten/moonwell-card","noindex-in-sitemap","200","robots noindex sur une URL de sitemap"
"https://topcryptocards.eu/de/karten/offramp-spend-card","noindex-in-sitemap","200","robots noindex sur une URL de sitemap"
"https://topcryptocards.eu/de/karten/onboard-flex-card","noindex-in-sitemap","200","robots noindex sur une URL de sitemap"
"https://topcryptocards.eu/de/karten/pay3-card","noindex-in-sitemap","200","robots noindex sur une URL de sitemap"
"https://topcryptocards.eu/de/karten/pexx-card","noindex-in-sitemap","200","robots noindex sur une URL de sitemap"
"https://topcryptocards.eu/de/karten/pintopay-card","noindex-in-sitemap","200","robots noindex sur une URL de sitemap"
"https://topcryptocards.eu/de/karten/plasma-one-card","noindex-in-sitemap","200","robots noindex sur une URL de sitemap"
"https://topcryptocards.eu/de/karten/quicko-digital-card","noindex-in-sitemap","200","robots noindex sur une URL de sitemap"
"https://topcryptocards.eu/de/karten/ready-card","noindex-in-sitemap","200","robots noindex sur une URL de sitemap"
"https://topcryptocards.eu/de/karten/redotpay-card","noindex-in-sitemap","200","robots noindex sur une URL de sitemap"
"https://topcryptocards.eu/de/karten/rebind-card","noindex-in-sitemap","200","robots noindex sur une URL de sitemap"
"https://topcryptocards.eu/de/karten/rizon-visa-card","noindex-in-sitemap","200","robots noindex sur une URL de sitemap"
"https://topcryptocards.eu/de/karten/senturopay-card","noindex-in-sitemap","200","robots noindex sur une URL de sitemap"
"https://topcryptocards.eu/de/karten/solflare-card","noindex-in-sitemap","200","robots noindex sur une URL de sitemap"
"https://topcryptocards.eu/de/karten/solcard","noindex-in-sitemap","200","robots noindex sur une URL de sitemap"
"https://topcryptocards.eu/de/karten/spritz-card","noindex-in-sitemap","200","robots noindex sur une URL de sitemap"
"https://topcryptocards.eu/de/karten/stables-card","noindex-in-sitemap","200","robots noindex sur une URL de sitemap"
"https://topcryptocards.eu/de/karten/solid-card","noindex-in-sitemap","200","robots noindex sur une URL de sitemap"
"https://topcryptocards.eu/de/karten/swype-fun-card","noindex-in-sitemap","200","robots noindex sur une URL de sitemap"
"https://topcryptocards.eu/de/karten/tap-card","noindex-in-sitemap","200","robots noindex sur une URL de sitemap"
"https://topcryptocards.eu/de/karten/thorwallet-card","noindex-in-sitemap","200","robots noindex sur une URL de sitemap"
"https://topcryptocards.eu/de/karten/tonhub-card","noindex-in-sitemap","200","robots noindex sur une URL de sitemap"
"https://topcryptocards.eu/de/karten/tria-card","noindex-in-sitemap","200","robots noindex sur une URL de sitemap"
"https://topcryptocards.eu/de/karten/trastra-crypto-card","noindex-in-sitemap","200","robots noindex sur une URL de sitemap"
"https://topcryptocards.eu/de/karten/trustee-plus-card","noindex-in-sitemap","200","robots noindex sur une URL de sitemap"
"https://topcryptocards.eu/de/karten/tuyo-card","noindex-in-sitemap","200","robots noindex sur une URL de sitemap"
"https://topcryptocards.eu/de/karten/ugly-visa-card","noindex-in-sitemap","200","robots noindex sur une URL de sitemap"
"https://topcryptocards.eu/de/karten/uphold-card","noindex-in-sitemap","200","robots noindex sur une URL de sitemap"
"https://topcryptocards.eu/de/karten/ur-debit-card","noindex-in-sitemap","200","robots noindex sur une URL de sitemap"
"https://topcryptocards.eu/de/karten/utorg-crypto-card","noindex-in-sitemap","200","robots noindex sur une URL de sitemap"
"https://topcryptocards.eu/de/karten/wallbit-card","noindex-in-sitemap","200","robots noindex sur une URL de sitemap"
"https://topcryptocards.eu/de/karten/xapo-card","noindex-in-sitemap","200","robots noindex sur une URL de sitemap"
"https://topcryptocards.eu/de/karten/xportal-card","noindex-in-sitemap","200","robots noindex sur une URL de sitemap"
"https://topcryptocards.eu/de/karten/zebec-card","noindex-in-sitemap","200","robots noindex sur une URL de sitemap"
"https://topcryptocards.eu/de/karten/xplace-card","noindex-in-sitemap","200","robots noindex sur une URL de sitemap"
"https://topcryptocards.eu/at/karten/avalanche-card","noindex-in-sitemap","200","robots noindex sur une URL de sitemap"
"https://topcryptocards.eu/at/karten/avici-card","noindex-in-sitemap","200","robots noindex sur une URL de sitemap"
"https://topcryptocards.eu/at/karten/1inch-card","noindex-in-sitemap","200","robots noindex sur une URL de sitemap"
"https://topcryptocards.eu/at/karten/banxe-card","noindex-in-sitemap","200","robots noindex sur une URL de sitemap"
"https://topcryptocards.eu/at/karten/based-card","noindex-in-sitemap","200","robots noindex sur une URL de sitemap"
"https://topcryptocards.eu/at/karten/bingx-metal-card","noindex-in-sitemap","200","robots noindex sur une URL de sitemap"
"https://topcryptocards.eu/at/karten/bingx-virtual-card","noindex-in-sitemap","200","robots noindex sur une URL de sitemap"
"https://topcryptocards.eu/at/karten/bit2me-card","noindex-in-sitemap","200","robots noindex sur une URL de sitemap"
"https://topcryptocards.eu/at/karten/bitnob-virtual-card","noindex-in-sitemap","200","robots noindex sur une URL de sitemap"
"https://topcryptocards.eu/at/karten/blackcatcard","noindex-in-sitemap","200","robots noindex sur une URL de sitemap"
"https://topcryptocards.eu/at/karten/bitrefill-card","noindex-in-sitemap","200","robots noindex sur une URL de sitemap"
"https://topcryptocards.eu/at/karten/bitpanda-card","noindex-in-sitemap","200","robots noindex sur une URL de sitemap"
"https://topcryptocards.eu/at/karten/bleap-crypto-card","noindex-in-sitemap","200","robots noindex sur une URL de sitemap"
"https://topcryptocards.eu/at/karten/cex-io-card","noindex-in-sitemap","200","robots noindex sur une URL de sitemap"
"https://topcryptocards.eu/at/karten/chainscard","noindex-in-sitemap","200","robots noindex sur une URL de sitemap"
"https://topcryptocards.eu/at/karten/bybit-card","noindex-in-sitemap","200","robots noindex sur une URL de sitemap"
"https://topcryptocards.eu/at/karten/coin98-fusion-card","noindex-in-sitemap","200","robots noindex sur une URL de sitemap"
"https://topcryptocards.eu/at/karten/coca-visa-card","noindex-in-sitemap","200","robots noindex sur une URL de sitemap"
"https://topcryptocards.eu/at/karten/coinzoom-card","noindex-in-sitemap","200","robots noindex sur une URL de sitemap"
"https://topcryptocards.eu/at/karten/crypto-com-jade-green","noindex-in-sitemap","200","robots noindex sur une URL de sitemap"
"https://topcryptocards.eu/at/karten/crypto-com-midnight-blue","noindex-in-sitemap","200","robots noindex sur une URL de sitemap"
"https://topcryptocards.eu/at/karten/crypto-com-frosted-rose","noindex-in-sitemap","200","robots noindex sur une URL de sitemap"
"https://topcryptocards.eu/at/karten/cryptolife-card","noindex-in-sitemap","200","robots noindex sur une URL de sitemap"
"https://topcryptocards.eu/at/karten/crypto-com-royal-indigo","noindex-in-sitemap","200","robots noindex sur une URL de sitemap"
"https://topcryptocards.eu/at/karten/crypto-com-ruby-steel","noindex-in-sitemap","200","robots noindex sur une URL de sitemap"
"https://topcryptocards.eu/at/karten/exa-card","noindex-in-sitemap","200","robots noindex sur une URL de sitemap"
"https://topcryptocards.eu/at/karten/ether-fi-cash","noindex-in-sitemap","200","robots noindex sur une URL de sitemap"
"https://topcryptocards.eu/at/karten/cypher-card","noindex-in-sitemap","200","robots noindex sur une URL de sitemap"
"https://topcryptocards.eu/at/karten/fuse-card","noindex-in-sitemap","200","robots noindex sur une URL de sitemap"
"https://topcryptocards.eu/at/karten/fiat24-debit","noindex-in-sitemap","200","robots noindex sur une URL de sitemap"
"https://topcryptocards.eu/at/karten/exodus-spend-card","noindex-in-sitemap","200","robots noindex sur une URL de sitemap"
"https://topcryptocards.eu/at/karten/gate-card","noindex-in-sitemap","200","robots noindex sur une URL de sitemap"
"https://topcryptocards.eu/at/karten/gnosis-pay-card","noindex-in-sitemap","200","robots noindex sur une URL de sitemap"
"https://topcryptocards.eu/at/karten/holyheld-card","noindex-in-sitemap","200","robots noindex sur une URL de sitemap"
"https://topcryptocards.eu/at/karten/kardpay-card","noindex-in-sitemap","200","robots noindex sur une URL de sitemap"
"https://topcryptocards.eu/at/karten/kem-infinity-card","noindex-in-sitemap","200","robots noindex sur une URL de sitemap"
"https://topcryptocards.eu/at/karten/kast-card","noindex-in-sitemap","200","robots noindex sur une URL de sitemap"
"https://topcryptocards.eu/at/karten/kraken-krak-card","noindex-in-sitemap","200","robots noindex sur une URL de sitemap"
"https://topcryptocards.eu/at/karten/kolo-card","noindex-in-sitemap","200","robots noindex sur une URL de sitemap"
"https://topcryptocards.eu/at/karten/ledger-cl-card","noindex-in-sitemap","200","robots noindex sur une URL de sitemap"
"https://topcryptocards.eu/at/karten/metamask-card","noindex-in-sitemap","200","robots noindex sur une URL de sitemap"
"https://topcryptocards.eu/at/karten/mexc-ether-fi-card","noindex-in-sitemap","200","robots noindex sur une URL de sitemap"
"https://topcryptocards.eu/at/karten/laso-card","noindex-in-sitemap","200","robots noindex sur une URL de sitemap"
"https://topcryptocards.eu/at/karten/moonwell-card","noindex-in-sitemap","200","robots noindex sur une URL de sitemap"
"https://topcryptocards.eu/at/karten/nexo-card","noindex-in-sitemap","200","robots noindex sur une URL de sitemap"
"https://topcryptocards.eu/at/karten/nebeus-card","noindex-in-sitemap","200","robots noindex sur une URL de sitemap"
"https://topcryptocards.eu/at/karten/offramp-spend-card","noindex-in-sitemap","200","robots noindex sur une URL de sitemap"
"https://topcryptocards.eu/at/karten/pay3-card","noindex-in-sitemap","200","robots noindex sur une URL de sitemap"
"https://topcryptocards.eu/at/karten/onboard-flex-card","noindex-in-sitemap","200","robots noindex sur une URL de sitemap"
"https://topcryptocards.eu/at/karten/okx-card","noindex-in-sitemap","200","robots noindex sur une URL de sitemap"
"https://topcryptocards.eu/at/karten/pexx-card","noindex-in-sitemap","200","robots noindex sur une URL de sitemap"
"https://topcryptocards.eu/at/karten/plasma-one-card","noindex-in-sitemap","200","robots noindex sur une URL de sitemap"
"https://topcryptocards.eu/at/karten/pintopay-card","noindex-in-sitemap","200","robots noindex sur une URL de sitemap"
"https://topcryptocards.eu/at/karten/ready-card","noindex-in-sitemap","200","robots noindex sur une URL de sitemap"
"https://topcryptocards.eu/at/karten/plutus-card","noindex-in-sitemap","200","robots noindex sur une URL de sitemap"
"https://topcryptocards.eu/at/karten/quicko-digital-card","noindex-in-sitemap","200","robots noindex sur une URL de sitemap"
"https://topcryptocards.eu/at/karten/redotpay-card","noindex-in-sitemap","200","robots noindex sur une URL de sitemap"
"https://topcryptocards.eu/at/karten/rebind-card","noindex-in-sitemap","200","robots noindex sur une URL de sitemap"
"https://topcryptocards.eu/at/karten/revolut-metal","noindex-in-sitemap","200","robots noindex sur une URL de sitemap"
"https://topcryptocards.eu/at/karten/solcard","noindex-in-sitemap","200","robots noindex sur une URL de sitemap"
"https://topcryptocards.eu/at/karten/rizon-visa-card","noindex-in-sitemap","200","robots noindex sur une URL de sitemap"
"https://topcryptocards.eu/at/karten/senturopay-card","noindex-in-sitemap","200","robots noindex sur une URL de sitemap"
"https://topcryptocards.eu/at/karten/solflare-card","noindex-in-sitemap","200","robots noindex sur une URL de sitemap"
"https://topcryptocards.eu/at/karten/solid-card","noindex-in-sitemap","200","robots noindex sur une URL de sitemap"
"https://topcryptocards.eu/at/karten/spritz-card","noindex-in-sitemap","200","robots noindex sur une URL de sitemap"
"https://topcryptocards.eu/at/karten/stables-card","noindex-in-sitemap","200","robots noindex sur une URL de sitemap"
"https://topcryptocards.eu/at/karten/swype-fun-card","noindex-in-sitemap","200","robots noindex sur une URL de sitemap"
"https://topcryptocards.eu/at/karten/tap-card","noindex-in-sitemap","200","robots noindex sur une URL de sitemap"
"https://topcryptocards.eu/at/karten/thorwallet-card","noindex-in-sitemap","200","robots noindex sur une URL de sitemap"
"https://topcryptocards.eu/at/karten/tonhub-card","noindex-in-sitemap","200","robots noindex sur une URL de sitemap"
"https://topcryptocards.eu/at/karten/trade-republic-card","noindex-in-sitemap","200","robots noindex sur une URL de sitemap"
"https://topcryptocards.eu/at/karten/tria-card","noindex-in-sitemap","200","robots noindex sur une URL de sitemap"
"https://topcryptocards.eu/at/karten/trastra-crypto-card","noindex-in-sitemap","200","robots noindex sur une URL de sitemap"
"https://topcryptocards.eu/at/karten/trustee-plus-card","noindex-in-sitemap","200","robots noindex sur une URL de sitemap"
"https://topcryptocards.eu/at/karten/tuyo-card","noindex-in-sitemap","200","robots noindex sur une URL de sitemap"
"https://topcryptocards.eu/at/karten/ugly-visa-card","noindex-in-sitemap","200","robots noindex sur une URL de sitemap"
"https://topcryptocards.eu/at/karten/uphold-card","noindex-in-sitemap","200","robots noindex sur une URL de sitemap"
"https://topcryptocards.eu/at/karten/utorg-crypto-card","noindex-in-sitemap","200","robots noindex sur une URL de sitemap"
"https://topcryptocards.eu/at/karten/ur-debit-card","noindex-in-sitemap","200","robots noindex sur une URL de sitemap"
"https://topcryptocards.eu/at/karten/wallbit-card","noindex-in-sitemap","200","robots noindex sur une URL de sitemap"
"https://topcryptocards.eu/at/karten/whitebit-nova","noindex-in-sitemap","200","robots noindex sur une URL de sitemap"
"https://topcryptocards.eu/at/karten/xapo-card","noindex-in-sitemap","200","robots noindex sur une URL de sitemap"
"https://topcryptocards.eu/at/karten/xportal-card","noindex-in-sitemap","200","robots noindex sur une URL de sitemap"
"https://topcryptocards.eu/at/karten/xplace-card","noindex-in-sitemap","200","robots noindex sur une URL de sitemap"
"https://topcryptocards.eu/at/karten/zebec-card","noindex-in-sitemap","200","robots noindex sur une URL de sitemap"
"https://topcryptocards.eu/es/tarjetas/1inch-card","noindex-in-sitemap","200","robots noindex sur une URL de sitemap"
"https://topcryptocards.eu/es/tarjetas/avici-card","noindex-in-sitemap","200","robots noindex sur une URL de sitemap"
"https://topcryptocards.eu/es/tarjetas/avalanche-card","noindex-in-sitemap","200","robots noindex sur une URL de sitemap"
"https://topcryptocards.eu/es/tarjetas/banxe-card","noindex-in-sitemap","200","robots noindex sur une URL de sitemap"
"https://topcryptocards.eu/es/tarjetas/based-card","noindex-in-sitemap","200","robots noindex sur une URL de sitemap"
"https://topcryptocards.eu/es/tarjetas/bingx-metal-card","noindex-in-sitemap","200","robots noindex sur une URL de sitemap"
"https://topcryptocards.eu/es/tarjetas/bingx-virtual-card","noindex-in-sitemap","200","robots noindex sur une URL de sitemap"
"https://topcryptocards.eu/es/tarjetas/bitnob-virtual-card","noindex-in-sitemap","200","robots noindex sur une URL de sitemap"
"https://topcryptocards.eu/es/tarjetas/bitrefill-card","noindex-in-sitemap","200","robots noindex sur une URL de sitemap"
"https://topcryptocards.eu/es/tarjetas/blackcatcard","noindex-in-sitemap","200","robots noindex sur une URL de sitemap"
"https://topcryptocards.eu/es/tarjetas/cex-io-card","noindex-in-sitemap","200","robots noindex sur une URL de sitemap"
"https://topcryptocards.eu/es/tarjetas/chainscard","noindex-in-sitemap","200","robots noindex sur une URL de sitemap"
"https://topcryptocards.eu/es/tarjetas/coca-visa-card","noindex-in-sitemap","200","robots noindex sur une URL de sitemap"
"https://topcryptocards.eu/es/tarjetas/coin98-fusion-card","noindex-in-sitemap","200","robots noindex sur une URL de sitemap"
"https://topcryptocards.eu/es/tarjetas/coinzoom-card","noindex-in-sitemap","200","robots noindex sur une URL de sitemap"
"https://topcryptocards.eu/es/tarjetas/cryptolife-card","noindex-in-sitemap","200","robots noindex sur une URL de sitemap"
"https://topcryptocards.eu/es/tarjetas/cypher-card","noindex-in-sitemap","200","robots noindex sur une URL de sitemap"
"https://topcryptocards.eu/es/tarjetas/exa-card","noindex-in-sitemap","200","robots noindex sur une URL de sitemap"
"https://topcryptocards.eu/es/tarjetas/exodus-spend-card","noindex-in-sitemap","200","robots noindex sur une URL de sitemap"
"https://topcryptocards.eu/es/tarjetas/fiat24-debit","noindex-in-sitemap","200","robots noindex sur une URL de sitemap"
"https://topcryptocards.eu/es/tarjetas/fuse-card","noindex-in-sitemap","200","robots noindex sur une URL de sitemap"
"https://topcryptocards.eu/es/tarjetas/holyheld-card","noindex-in-sitemap","200","robots noindex sur une URL de sitemap"
"https://topcryptocards.eu/es/tarjetas/kardpay-card","noindex-in-sitemap","200","robots noindex sur une URL de sitemap"
"https://topcryptocards.eu/es/tarjetas/kast-card","noindex-in-sitemap","200","robots noindex sur une URL de sitemap"
"https://topcryptocards.eu/es/tarjetas/kolo-card","noindex-in-sitemap","200","robots noindex sur une URL de sitemap"
"https://topcryptocards.eu/es/tarjetas/laso-card","noindex-in-sitemap","200","robots noindex sur une URL de sitemap"
"https://topcryptocards.eu/es/tarjetas/kem-infinity-card","noindex-in-sitemap","200","robots noindex sur une URL de sitemap"
"https://topcryptocards.eu/es/tarjetas/moonwell-card","noindex-in-sitemap","200","robots noindex sur une URL de sitemap"
"https://topcryptocards.eu/es/tarjetas/mexc-ether-fi-card","noindex-in-sitemap","200","robots noindex sur une URL de sitemap"
"https://topcryptocards.eu/es/tarjetas/nebeus-card","noindex-in-sitemap","200","robots noindex sur une URL de sitemap"
"https://topcryptocards.eu/es/tarjetas/offramp-spend-card","noindex-in-sitemap","200","robots noindex sur une URL de sitemap"
"https://topcryptocards.eu/es/tarjetas/onboard-flex-card","noindex-in-sitemap","200","robots noindex sur une URL de sitemap"
"https://topcryptocards.eu/es/tarjetas/pay3-card","noindex-in-sitemap","200","robots noindex sur une URL de sitemap"
"https://topcryptocards.eu/es/tarjetas/pexx-card","noindex-in-sitemap","200","robots noindex sur une URL de sitemap"
"https://topcryptocards.eu/es/tarjetas/pintopay-card","noindex-in-sitemap","200","robots noindex sur une URL de sitemap"
"https://topcryptocards.eu/es/tarjetas/plasma-one-card","noindex-in-sitemap","200","robots noindex sur une URL de sitemap"
"https://topcryptocards.eu/es/tarjetas/rebind-card","noindex-in-sitemap","200","robots noindex sur une URL de sitemap"
"https://topcryptocards.eu/es/tarjetas/ready-card","noindex-in-sitemap","200","robots noindex sur une URL de sitemap"
"https://topcryptocards.eu/es/tarjetas/quicko-digital-card","noindex-in-sitemap","200","robots noindex sur une URL de sitemap"
"https://topcryptocards.eu/es/tarjetas/redotpay-card","noindex-in-sitemap","200","robots noindex sur une URL de sitemap"
"https://topcryptocards.eu/es/tarjetas/rizon-visa-card","noindex-in-sitemap","200","robots noindex sur une URL de sitemap"
"https://topcryptocards.eu/es/tarjetas/senturopay-card","noindex-in-sitemap","200","robots noindex sur une URL de sitemap"
"https://topcryptocards.eu/es/tarjetas/solflare-card","noindex-in-sitemap","200","robots noindex sur une URL de sitemap"
"https://topcryptocards.eu/es/tarjetas/solcard","noindex-in-sitemap","200","robots noindex sur une URL de sitemap"
"https://topcryptocards.eu/es/tarjetas/spritz-card","noindex-in-sitemap","200","robots noindex sur une URL de sitemap"
"https://topcryptocards.eu/es/tarjetas/stables-card","noindex-in-sitemap","200","robots noindex sur une URL de sitemap"
"https://topcryptocards.eu/es/tarjetas/solid-card","noindex-in-sitemap","200","robots noindex sur une URL de sitemap"
"https://topcryptocards.eu/es/tarjetas/tap-card","noindex-in-sitemap","200","robots noindex sur une URL de sitemap"
"https://topcryptocards.eu/es/tarjetas/swype-fun-card","noindex-in-sitemap","200","robots noindex sur une URL de sitemap"
"https://topcryptocards.eu/es/tarjetas/tonhub-card","noindex-in-sitemap","200","robots noindex sur une URL de sitemap"
"https://topcryptocards.eu/es/tarjetas/thorwallet-card","noindex-in-sitemap","200","robots noindex sur une URL de sitemap"
"https://topcryptocards.eu/es/tarjetas/trastra-crypto-card","noindex-in-sitemap","200","robots noindex sur une URL de sitemap"
"https://topcryptocards.eu/es/tarjetas/tria-card","noindex-in-sitemap","200","robots noindex sur une URL de sitemap"
"https://topcryptocards.eu/es/tarjetas/trustee-plus-card","noindex-in-sitemap","200","robots noindex sur une URL de sitemap"
"https://topcryptocards.eu/es/tarjetas/tuyo-card","noindex-in-sitemap","200","robots noindex sur une URL de sitemap"
"https://topcryptocards.eu/es/tarjetas/ugly-visa-card","noindex-in-sitemap","200","robots noindex sur une URL de sitemap"
"https://topcryptocards.eu/es/tarjetas/uphold-card","noindex-in-sitemap","200","robots noindex sur une URL de sitemap"
"https://topcryptocards.eu/es/tarjetas/ur-debit-card","noindex-in-sitemap","200","robots noindex sur une URL de sitemap"
"https://topcryptocards.eu/es/tarjetas/utorg-crypto-card","noindex-in-sitemap","200","robots noindex sur une URL de sitemap"
"https://topcryptocards.eu/es/tarjetas/wallbit-card","noindex-in-sitemap","200","robots noindex sur une URL de sitemap"
"https://topcryptocards.eu/es/tarjetas/xplace-card","noindex-in-sitemap","200","robots noindex sur une URL de sitemap"
"https://topcryptocards.eu/es/tarjetas/xapo-card","noindex-in-sitemap","200","robots noindex sur une URL de sitemap"
"https://topcryptocards.eu/es/tarjetas/xportal-card","noindex-in-sitemap","200","robots noindex sur une URL de sitemap"
"https://topcryptocards.eu/es/tarjetas/zebec-card","noindex-in-sitemap","200","robots noindex sur une URL de sitemap"
"https://topcryptocards.eu/it/carte/avalanche-card","noindex-in-sitemap","200","robots noindex sur une URL de sitemap"
"https://topcryptocards.eu/it/carte/1inch-card","noindex-in-sitemap","200","robots noindex sur une URL de sitemap"
"https://topcryptocards.eu/it/carte/avici-card","noindex-in-sitemap","200","robots noindex sur une URL de sitemap"
"https://topcryptocards.eu/it/carte/banxe-card","noindex-in-sitemap","200","robots noindex sur une URL de sitemap"
"https://topcryptocards.eu/it/carte/based-card","noindex-in-sitemap","200","robots noindex sur une URL de sitemap"
"https://topcryptocards.eu/it/carte/bingx-metal-card","noindex-in-sitemap","200","robots noindex sur une URL de sitemap"
"https://topcryptocards.eu/it/carte/bingx-virtual-card","noindex-in-sitemap","200","robots noindex sur une URL de sitemap"
"https://topcryptocards.eu/it/carte/bitnob-virtual-card","noindex-in-sitemap","200","robots noindex sur une URL de sitemap"
"https://topcryptocards.eu/it/carte/bitrefill-card","noindex-in-sitemap","200","robots noindex sur une URL de sitemap"
"https://topcryptocards.eu/it/carte/blackcatcard","noindex-in-sitemap","200","robots noindex sur une URL de sitemap"
"https://topcryptocards.eu/it/carte/cex-io-card","noindex-in-sitemap","200","robots noindex sur une URL de sitemap"
"https://topcryptocards.eu/it/carte/chainscard","noindex-in-sitemap","200","robots noindex sur une URL de sitemap"
"https://topcryptocards.eu/it/carte/coca-visa-card","noindex-in-sitemap","200","robots noindex sur une URL de sitemap"
"https://topcryptocards.eu/it/carte/coin98-fusion-card","noindex-in-sitemap","200","robots noindex sur une URL de sitemap"
"https://topcryptocards.eu/it/carte/coinzoom-card","noindex-in-sitemap","200","robots noindex sur une URL de sitemap"
"https://topcryptocards.eu/it/carte/cryptolife-card","noindex-in-sitemap","200","robots noindex sur une URL de sitemap"
"https://topcryptocards.eu/it/carte/cypher-card","noindex-in-sitemap","200","robots noindex sur une URL de sitemap"
"https://topcryptocards.eu/it/carte/exa-card","noindex-in-sitemap","200","robots noindex sur une URL de sitemap"
"https://topcryptocards.eu/it/carte/exodus-spend-card","noindex-in-sitemap","200","robots noindex sur une URL de sitemap"
"https://topcryptocards.eu/it/carte/fiat24-debit","noindex-in-sitemap","200","robots noindex sur une URL de sitemap"
"https://topcryptocards.eu/it/carte/fuse-card","noindex-in-sitemap","200","robots noindex sur une URL de sitemap"
"https://topcryptocards.eu/it/carte/holyheld-card","noindex-in-sitemap","200","robots noindex sur une URL de sitemap"
"https://topcryptocards.eu/it/carte/kardpay-card","noindex-in-sitemap","200","robots noindex sur une URL de sitemap"
"https://topcryptocards.eu/it/carte/kast-card","noindex-in-sitemap","200","robots noindex sur une URL de sitemap"
"https://topcryptocards.eu/it/carte/kem-infinity-card","noindex-in-sitemap","200","robots noindex sur une URL de sitemap"
"https://topcryptocards.eu/it/carte/kolo-card","noindex-in-sitemap","200","robots noindex sur une URL de sitemap"
"https://topcryptocards.eu/it/carte/laso-card","noindex-in-sitemap","200","robots noindex sur une URL de sitemap"
"https://topcryptocards.eu/it/carte/mexc-ether-fi-card","noindex-in-sitemap","200","robots noindex sur une URL de sitemap"
"https://topcryptocards.eu/it/carte/moonwell-card","noindex-in-sitemap","200","robots noindex sur une URL de sitemap"
"https://topcryptocards.eu/it/carte/offramp-spend-card","noindex-in-sitemap","200","robots noindex sur une URL de sitemap"
"https://topcryptocards.eu/it/carte/nebeus-card","noindex-in-sitemap","200","robots noindex sur une URL de sitemap"
"https://topcryptocards.eu/it/carte/onboard-flex-card","noindex-in-sitemap","200","robots noindex sur une URL de sitemap"
"https://topcryptocards.eu/it/carte/pexx-card","noindex-in-sitemap","200","robots noindex sur une URL de sitemap"
"https://topcryptocards.eu/it/carte/plasma-one-card","noindex-in-sitemap","200","robots noindex sur une URL de sitemap"
"https://topcryptocards.eu/it/carte/pintopay-card","noindex-in-sitemap","200","robots noindex sur une URL de sitemap"
"https://topcryptocards.eu/it/carte/pay3-card","noindex-in-sitemap","200","robots noindex sur une URL de sitemap"
"https://topcryptocards.eu/it/carte/quicko-digital-card","noindex-in-sitemap","200","robots noindex sur une URL de sitemap"
"https://topcryptocards.eu/it/carte/redotpay-card","noindex-in-sitemap","200","robots noindex sur une URL de sitemap"
"https://topcryptocards.eu/it/carte/rebind-card","noindex-in-sitemap","200","robots noindex sur une URL de sitemap"
"https://topcryptocards.eu/it/carte/ready-card","noindex-in-sitemap","200","robots noindex sur une URL de sitemap"
"https://topcryptocards.eu/it/carte/rizon-visa-card","noindex-in-sitemap","200","robots noindex sur une URL de sitemap"
"https://topcryptocards.eu/it/carte/senturopay-card","noindex-in-sitemap","200","robots noindex sur une URL de sitemap"
"https://topcryptocards.eu/it/carte/solcard","noindex-in-sitemap","200","robots noindex sur une URL de sitemap"
"https://topcryptocards.eu/it/carte/solid-card","noindex-in-sitemap","200","robots noindex sur une URL de sitemap"
"https://topcryptocards.eu/it/carte/spritz-card","noindex-in-sitemap","200","robots noindex sur une URL de sitemap"
"https://topcryptocards.eu/it/carte/solflare-card","noindex-in-sitemap","200","robots noindex sur une URL de sitemap"
"https://topcryptocards.eu/it/carte/stables-card","noindex-in-sitemap","200","robots noindex sur une URL de sitemap"
"https://topcryptocards.eu/it/carte/swype-fun-card","noindex-in-sitemap","200","robots noindex sur une URL de sitemap"
"https://topcryptocards.eu/it/carte/tap-card","noindex-in-sitemap","200","robots noindex sur une URL de sitemap"
"https://topcryptocards.eu/it/carte/thorwallet-card","noindex-in-sitemap","200","robots noindex sur une URL de sitemap"
"https://topcryptocards.eu/it/carte/trastra-crypto-card","noindex-in-sitemap","200","robots noindex sur une URL de sitemap"
"https://topcryptocards.eu/it/carte/tonhub-card","noindex-in-sitemap","200","robots noindex sur une URL de sitemap"
"https://topcryptocards.eu/it/carte/tria-card","noindex-in-sitemap","200","robots noindex sur une URL de sitemap"
"https://topcryptocards.eu/it/carte/trustee-plus-card","noindex-in-sitemap","200","robots noindex sur une URL de sitemap"
"https://topcryptocards.eu/it/carte/tuyo-card","noindex-in-sitemap","200","robots noindex sur une URL de sitemap"
"https://topcryptocards.eu/it/carte/uphold-card","noindex-in-sitemap","200","robots noindex sur une URL de sitemap"
"https://topcryptocards.eu/it/carte/ugly-visa-card","noindex-in-sitemap","200","robots noindex sur une URL de sitemap"
"https://topcryptocards.eu/it/carte/ur-debit-card","noindex-in-sitemap","200","robots noindex sur une URL de sitemap"
"https://topcryptocards.eu/it/carte/utorg-crypto-card","noindex-in-sitemap","200","robots noindex sur une URL de sitemap"
"https://topcryptocards.eu/it/carte/wallbit-card","noindex-in-sitemap","200","robots noindex sur une URL de sitemap"
"https://topcryptocards.eu/it/carte/xapo-card","noindex-in-sitemap","200","robots noindex sur une URL de sitemap"
"https://topcryptocards.eu/it/carte/xplace-card","noindex-in-sitemap","200","robots noindex sur une URL de sitemap"
"https://topcryptocards.eu/it/carte/zebec-card","noindex-in-sitemap","200","robots noindex sur une URL de sitemap"
"https://topcryptocards.eu/it/carte/xportal-card","noindex-in-sitemap","200","robots noindex sur une URL de sitemap"
"https://topcryptocards.eu/en/cards/1inch-card","noindex-in-sitemap","200","robots noindex sur une URL de sitemap"
"https://topcryptocards.eu/en/cards/avici-card","noindex-in-sitemap","200","robots noindex sur une URL de sitemap"
"https://topcryptocards.eu/en/cards/avalanche-card","noindex-in-sitemap","200","robots noindex sur une URL de sitemap"
"https://topcryptocards.eu/en/cards/banxe-card","noindex-in-sitemap","200","robots noindex sur une URL de sitemap"
"https://topcryptocards.eu/en/cards/based-card","noindex-in-sitemap","200","robots noindex sur une URL de sitemap"
"https://topcryptocards.eu/en/cards/bitnob-virtual-card","noindex-in-sitemap","200","robots noindex sur une URL de sitemap"
"https://topcryptocards.eu/en/cards/blackcatcard","noindex-in-sitemap","200","robots noindex sur une URL de sitemap"
"https://topcryptocards.eu/en/cards/bitrefill-card","noindex-in-sitemap","200","robots noindex sur une URL de sitemap"
"https://topcryptocards.eu/en/cards/cex-io-card","noindex-in-sitemap","200","robots noindex sur une URL de sitemap"
"https://topcryptocards.eu/en/cards/chainscard","noindex-in-sitemap","200","robots noindex sur une URL de sitemap"
"https://topcryptocards.eu/en/cards/coca-visa-card","noindex-in-sitemap","200","robots noindex sur une URL de sitemap"
"https://topcryptocards.eu/en/cards/coin98-fusion-card","noindex-in-sitemap","200","robots noindex sur une URL de sitemap"
"https://topcryptocards.eu/en/cards/coinzoom-card","noindex-in-sitemap","200","robots noindex sur une URL de sitemap"
"https://topcryptocards.eu/en/cards/cryptolife-card","noindex-in-sitemap","200","robots noindex sur une URL de sitemap"
"https://topcryptocards.eu/en/cards/cypher-card","noindex-in-sitemap","200","robots noindex sur une URL de sitemap"
"https://topcryptocards.eu/en/cards/exa-card","noindex-in-sitemap","200","robots noindex sur une URL de sitemap"
"https://topcryptocards.eu/en/cards/exodus-spend-card","noindex-in-sitemap","200","robots noindex sur une URL de sitemap"
"https://topcryptocards.eu/en/cards/fuse-card","noindex-in-sitemap","200","robots noindex sur une URL de sitemap"
"https://topcryptocards.eu/en/cards/fiat24-debit","noindex-in-sitemap","200","robots noindex sur une URL de sitemap"
"https://topcryptocards.eu/en/cards/holyheld-card","noindex-in-sitemap","200","robots noindex sur une URL de sitemap"
"https://topcryptocards.eu/en/cards/kardpay-card","noindex-in-sitemap","200","robots noindex sur une URL de sitemap"
"https://topcryptocards.eu/en/cards/kast-card","noindex-in-sitemap","200","robots noindex sur une URL de sitemap"
"https://topcryptocards.eu/en/cards/kem-infinity-card","noindex-in-sitemap","200","robots noindex sur une URL de sitemap"
"https://topcryptocards.eu/en/cards/kolo-card","noindex-in-sitemap","200","robots noindex sur une URL de sitemap"
"https://topcryptocards.eu/en/cards/laso-card","noindex-in-sitemap","200","robots noindex sur une URL de sitemap"
"https://topcryptocards.eu/en/cards/mexc-ether-fi-card","noindex-in-sitemap","200","robots noindex sur une URL de sitemap"
"https://topcryptocards.eu/en/cards/moonwell-card","noindex-in-sitemap","200","robots noindex sur une URL de sitemap"
"https://topcryptocards.eu/en/cards/nebeus-card","noindex-in-sitemap","200","robots noindex sur une URL de sitemap"
"https://topcryptocards.eu/en/cards/onboard-flex-card","noindex-in-sitemap","200","robots noindex sur une URL de sitemap"
"https://topcryptocards.eu/en/cards/offramp-spend-card","noindex-in-sitemap","200","robots noindex sur une URL de sitemap"
"https://topcryptocards.eu/en/cards/pay3-card","noindex-in-sitemap","200","robots noindex sur une URL de sitemap"
"https://topcryptocards.eu/en/cards/pexx-card","noindex-in-sitemap","200","robots noindex sur une URL de sitemap"
"https://topcryptocards.eu/en/cards/plasma-one-card","noindex-in-sitemap","200","robots noindex sur une URL de sitemap"
"https://topcryptocards.eu/en/cards/ready-card","noindex-in-sitemap","200","robots noindex sur une URL de sitemap"
"https://topcryptocards.eu/en/cards/pintopay-card","noindex-in-sitemap","200","robots noindex sur une URL de sitemap"
"https://topcryptocards.eu/en/cards/quicko-digital-card","noindex-in-sitemap","200","robots noindex sur une URL de sitemap"
"https://topcryptocards.eu/en/cards/rebind-card","noindex-in-sitemap","200","robots noindex sur une URL de sitemap"
"https://topcryptocards.eu/en/cards/redotpay-card","noindex-in-sitemap","200","robots noindex sur une URL de sitemap"
"https://topcryptocards.eu/en/cards/rizon-visa-card","noindex-in-sitemap","200","robots noindex sur une URL de sitemap"
"https://topcryptocards.eu/en/cards/senturopay-card","noindex-in-sitemap","200","robots noindex sur une URL de sitemap"
"https://topcryptocards.eu/en/cards/solcard","noindex-in-sitemap","200","robots noindex sur une URL de sitemap"
"https://topcryptocards.eu/en/cards/solflare-card","noindex-in-sitemap","200","robots noindex sur une URL de sitemap"
"https://topcryptocards.eu/en/cards/spritz-card","noindex-in-sitemap","200","robots noindex sur une URL de sitemap"
"https://topcryptocards.eu/en/cards/solid-card","noindex-in-sitemap","200","robots noindex sur une URL de sitemap"
"https://topcryptocards.eu/en/cards/stables-card","noindex-in-sitemap","200","robots noindex sur une URL de sitemap"
"https://topcryptocards.eu/en/cards/swype-fun-card","noindex-in-sitemap","200","robots noindex sur une URL de sitemap"
"https://topcryptocards.eu/en/cards/tap-card","noindex-in-sitemap","200","robots noindex sur une URL de sitemap"
"https://topcryptocards.eu/en/cards/thorwallet-card","noindex-in-sitemap","200","robots noindex sur une URL de sitemap"
"https://topcryptocards.eu/en/cards/tria-card","noindex-in-sitemap","200","robots noindex sur une URL de sitemap"
"https://topcryptocards.eu/en/cards/tonhub-card","noindex-in-sitemap","200","robots noindex sur une URL de sitemap"
"https://topcryptocards.eu/en/cards/trastra-crypto-card","noindex-in-sitemap","200","robots noindex sur une URL de sitemap"
"https://topcryptocards.eu/en/cards/trustee-plus-card","noindex-in-sitemap","200","robots noindex sur une URL de sitemap"
"https://topcryptocards.eu/en/cards/ugly-visa-card","noindex-in-sitemap","200","robots noindex sur une URL de sitemap"
"https://topcryptocards.eu/en/cards/tuyo-card","noindex-in-sitemap","200","robots noindex sur une URL de sitemap"
"https://topcryptocards.eu/en/cards/uphold-card","noindex-in-sitemap","200","robots noindex sur une URL de sitemap"
"https://topcryptocards.eu/en/cards/ur-debit-card","noindex-in-sitemap","200","robots noindex sur une URL de sitemap"
"https://topcryptocards.eu/en/cards/wallbit-card","noindex-in-sitemap","200","robots noindex sur une URL de sitemap"
"https://topcryptocards.eu/en/cards/utorg-crypto-card","noindex-in-sitemap","200","robots noindex sur une URL de sitemap"
"https://topcryptocards.eu/en/cards/xapo-card","noindex-in-sitemap","200","robots noindex sur une URL de sitemap"
"https://topcryptocards.eu/en/cards/xplace-card","noindex-in-sitemap","200","robots noindex sur une URL de sitemap"
"https://topcryptocards.eu/en/cards/zebec-card","noindex-in-sitemap","200","robots noindex sur une URL de sitemap"
"https://topcryptocards.eu/pt/cartoes/1inch-card","noindex-in-sitemap","200","robots noindex sur une URL de sitemap"
"https://topcryptocards.eu/pt/cartoes/avalanche-card","noindex-in-sitemap","200","robots noindex sur une URL de sitemap"
"https://topcryptocards.eu/en/cards/xportal-card","noindex-in-sitemap","200","robots noindex sur une URL de sitemap"
"https://topcryptocards.eu/pt/cartoes/avici-card","noindex-in-sitemap","200","robots noindex sur une URL de sitemap"
"https://topcryptocards.eu/pt/cartoes/banxe-card","noindex-in-sitemap","200","robots noindex sur une URL de sitemap"
"https://topcryptocards.eu/pt/cartoes/based-card","noindex-in-sitemap","200","robots noindex sur une URL de sitemap"
"https://topcryptocards.eu/pt/cartoes/bingx-virtual-card","noindex-in-sitemap","200","robots noindex sur une URL de sitemap"
"https://topcryptocards.eu/pt/cartoes/bingx-metal-card","noindex-in-sitemap","200","robots noindex sur une URL de sitemap"
"https://topcryptocards.eu/pt/cartoes/bitnob-virtual-card","noindex-in-sitemap","200","robots noindex sur une URL de sitemap"
"https://topcryptocards.eu/pt/cartoes/bitrefill-card","noindex-in-sitemap","200","robots noindex sur une URL de sitemap"
"https://topcryptocards.eu/pt/cartoes/blackcatcard","noindex-in-sitemap","200","robots noindex sur une URL de sitemap"
"https://topcryptocards.eu/pt/cartoes/coca-visa-card","noindex-in-sitemap","200","robots noindex sur une URL de sitemap"
"https://topcryptocards.eu/pt/cartoes/chainscard","noindex-in-sitemap","200","robots noindex sur une URL de sitemap"
"https://topcryptocards.eu/pt/cartoes/cex-io-card","noindex-in-sitemap","200","robots noindex sur une URL de sitemap"
"https://topcryptocards.eu/pt/cartoes/coin98-fusion-card","noindex-in-sitemap","200","robots noindex sur une URL de sitemap"
"https://topcryptocards.eu/pt/cartoes/coinzoom-card","noindex-in-sitemap","200","robots noindex sur une URL de sitemap"
"https://topcryptocards.eu/pt/cartoes/cryptolife-card","noindex-in-sitemap","200","robots noindex sur une URL de sitemap"
"https://topcryptocards.eu/pt/cartoes/cypher-card","noindex-in-sitemap","200","robots noindex sur une URL de sitemap"
"https://topcryptocards.eu/pt/cartoes/exa-card","noindex-in-sitemap","200","robots noindex sur une URL de sitemap"
"https://topcryptocards.eu/pt/cartoes/exodus-spend-card","noindex-in-sitemap","200","robots noindex sur une URL de sitemap"
"https://topcryptocards.eu/pt/cartoes/fiat24-debit","noindex-in-sitemap","200","robots noindex sur une URL de sitemap"
"https://topcryptocards.eu/pt/cartoes/fuse-card","noindex-in-sitemap","200","robots noindex sur une URL de sitemap"
"https://topcryptocards.eu/pt/cartoes/holyheld-card","noindex-in-sitemap","200","robots noindex sur une URL de sitemap"
"https://topcryptocards.eu/pt/cartoes/kardpay-card","noindex-in-sitemap","200","robots noindex sur une URL de sitemap"
"https://topcryptocards.eu/pt/cartoes/kem-infinity-card","noindex-in-sitemap","200","robots noindex sur une URL de sitemap"
"https://topcryptocards.eu/pt/cartoes/kast-card","noindex-in-sitemap","200","robots noindex sur une URL de sitemap"
"https://topcryptocards.eu/pt/cartoes/kolo-card","noindex-in-sitemap","200","robots noindex sur une URL de sitemap"
"https://topcryptocards.eu/pt/cartoes/laso-card","noindex-in-sitemap","200","robots noindex sur une URL de sitemap"
"https://topcryptocards.eu/pt/cartoes/mexc-ether-fi-card","noindex-in-sitemap","200","robots noindex sur une URL de sitemap"
"https://topcryptocards.eu/pt/cartoes/moonwell-card","noindex-in-sitemap","200","robots noindex sur une URL de sitemap"
"https://topcryptocards.eu/pt/cartoes/nebeus-card","noindex-in-sitemap","200","robots noindex sur une URL de sitemap"
"https://topcryptocards.eu/pt/cartoes/offramp-spend-card","noindex-in-sitemap","200","robots noindex sur une URL de sitemap"
"https://topcryptocards.eu/pt/cartoes/onboard-flex-card","noindex-in-sitemap","200","robots noindex sur une URL de sitemap"
"https://topcryptocards.eu/pt/cartoes/pay3-card","noindex-in-sitemap","200","robots noindex sur une URL de sitemap"
"https://topcryptocards.eu/pt/cartoes/pexx-card","noindex-in-sitemap","200","robots noindex sur une URL de sitemap"
"https://topcryptocards.eu/pt/cartoes/pintopay-card","noindex-in-sitemap","200","robots noindex sur une URL de sitemap"
"https://topcryptocards.eu/pt/cartoes/quicko-digital-card","noindex-in-sitemap","200","robots noindex sur une URL de sitemap"
"https://topcryptocards.eu/pt/cartoes/plasma-one-card","noindex-in-sitemap","200","robots noindex sur une URL de sitemap"
"https://topcryptocards.eu/pt/cartoes/ready-card","noindex-in-sitemap","200","robots noindex sur une URL de sitemap"
"https://topcryptocards.eu/pt/cartoes/rebind-card","noindex-in-sitemap","200","robots noindex sur une URL de sitemap"
"https://topcryptocards.eu/pt/cartoes/redotpay-card","noindex-in-sitemap","200","robots noindex sur une URL de sitemap"
"https://topcryptocards.eu/pt/cartoes/senturopay-card","noindex-in-sitemap","200","robots noindex sur une URL de sitemap"
"https://topcryptocards.eu/pt/cartoes/rizon-visa-card","noindex-in-sitemap","200","robots noindex sur une URL de sitemap"
"https://topcryptocards.eu/pt/cartoes/solcard","noindex-in-sitemap","200","robots noindex sur une URL de sitemap"
"https://topcryptocards.eu/pt/cartoes/solflare-card","noindex-in-sitemap","200","robots noindex sur une URL de sitemap"
"https://topcryptocards.eu/pt/cartoes/solid-card","noindex-in-sitemap","200","robots noindex sur une URL de sitemap"
"https://topcryptocards.eu/pt/cartoes/stables-card","noindex-in-sitemap","200","robots noindex sur une URL de sitemap"
"https://topcryptocards.eu/pt/cartoes/spritz-card","noindex-in-sitemap","200","robots noindex sur une URL de sitemap"
"https://topcryptocards.eu/pt/cartoes/swype-fun-card","noindex-in-sitemap","200","robots noindex sur une URL de sitemap"
"https://topcryptocards.eu/pt/cartoes/tap-card","noindex-in-sitemap","200","robots noindex sur une URL de sitemap"
"https://topcryptocards.eu/pt/cartoes/thorwallet-card","noindex-in-sitemap","200","robots noindex sur une URL de sitemap"
"https://topcryptocards.eu/pt/cartoes/tonhub-card","noindex-in-sitemap","200","robots noindex sur une URL de sitemap"
"https://topcryptocards.eu/pt/cartoes/trastra-crypto-card","noindex-in-sitemap","200","robots noindex sur une URL de sitemap"
"https://topcryptocards.eu/pt/cartoes/tria-card","noindex-in-sitemap","200","robots noindex sur une URL de sitemap"
"https://topcryptocards.eu/pt/cartoes/trustee-plus-card","noindex-in-sitemap","200","robots noindex sur une URL de sitemap"
"https://topcryptocards.eu/pt/cartoes/tuyo-card","noindex-in-sitemap","200","robots noindex sur une URL de sitemap"
"https://topcryptocards.eu/pt/cartoes/ugly-visa-card","noindex-in-sitemap","200","robots noindex sur une URL de sitemap"
"https://topcryptocards.eu/pt/cartoes/ur-debit-card","noindex-in-sitemap","200","robots noindex sur une URL de sitemap"
"https://topcryptocards.eu/pt/cartoes/utorg-crypto-card","noindex-in-sitemap","200","robots noindex sur une URL de sitemap"
"https://topcryptocards.eu/pt/cartoes/uphold-card","noindex-in-sitemap","200","robots noindex sur une URL de sitemap"
"https://topcryptocards.eu/pt/cartoes/wallbit-card","noindex-in-sitemap","200","robots noindex sur une URL de sitemap"
"https://topcryptocards.eu/pt/cartoes/xapo-card","noindex-in-sitemap","200","robots noindex sur une URL de sitemap"
"https://topcryptocards.eu/pt/cartoes/xplace-card","noindex-in-sitemap","200","robots noindex sur une URL de sitemap"
"https://topcryptocards.eu/pt/cartoes/zebec-card","noindex-in-sitemap","200","robots noindex sur une URL de sitemap"
"https://topcryptocards.eu/pt/cartoes/xportal-card","noindex-in-sitemap","200","robots noindex sur une URL de sitemap"
"https://topcryptocards.eu/be/comparer/bingx-metal-card-vs-bybit-card","noindex-in-sitemap","200","robots noindex sur une URL de sitemap"
"https://topcryptocards.eu/at/vergleichen/bingx-metal-card-vs-bybit-card","noindex-in-sitemap","200","robots noindex sur une URL de sitemap"
"https://topcryptocards.eu/be/comparer/bingx-metal-card-vs-nexo-card","noindex-in-sitemap","200","robots noindex sur une URL de sitemap"
"https://topcryptocards.eu/at/vergleichen/bingx-metal-card-vs-nexo-card","noindex-in-sitemap","200","robots noindex sur une URL de sitemap"
"https://topcryptocards.eu/be/comparer/bingx-metal-card-vs-okx-card","noindex-in-sitemap","200","robots noindex sur une URL de sitemap"
"https://topcryptocards.eu/at/vergleichen/bingx-metal-card-vs-okx-card","noindex-in-sitemap","200","robots noindex sur une URL de sitemap"
"https://topcryptocards.eu/be/comparer/bitpanda-card-vs-crypto-com-midnight-blue","noindex-in-sitemap","200","robots noindex sur une URL de sitemap"
"https://topcryptocards.eu/at/vergleichen/bitpanda-card-vs-crypto-com-midnight-blue","noindex-in-sitemap","200","robots noindex sur une URL de sitemap"
"https://topcryptocards.eu/be/comparer/bitpanda-card-vs-nexo-card","noindex-in-sitemap","200","robots noindex sur une URL de sitemap"
"https://topcryptocards.eu/at/vergleichen/bitpanda-card-vs-nexo-card","noindex-in-sitemap","200","robots noindex sur une URL de sitemap"
"https://topcryptocards.eu/be/comparer/bitpanda-card-vs-revolut-metal","noindex-in-sitemap","200","robots noindex sur une URL de sitemap"
"https://topcryptocards.eu/at/vergleichen/bitpanda-card-vs-revolut-metal","noindex-in-sitemap","200","robots noindex sur une URL de sitemap"
"https://topcryptocards.eu/be/comparer/bybit-card-vs-crypto-com-midnight-blue","noindex-in-sitemap","200","robots noindex sur une URL de sitemap"
"https://topcryptocards.eu/at/vergleichen/bybit-card-vs-crypto-com-midnight-blue","noindex-in-sitemap","200","robots noindex sur une URL de sitemap"
"https://topcryptocards.eu/be/comparer/bybit-card-vs-nexo-card","noindex-in-sitemap","200","robots noindex sur une URL de sitemap"
"https://topcryptocards.eu/at/vergleichen/bybit-card-vs-nexo-card","noindex-in-sitemap","200","robots noindex sur une URL de sitemap"
"https://topcryptocards.eu/be/comparer/bybit-card-vs-okx-card","noindex-in-sitemap","200","robots noindex sur une URL de sitemap"
"https://topcryptocards.eu/at/vergleichen/bybit-card-vs-okx-card","noindex-in-sitemap","200","robots noindex sur une URL de sitemap"
"https://topcryptocards.eu/be/comparer/bybit-card-vs-revolut-metal","noindex-in-sitemap","200","robots noindex sur une URL de sitemap"
"https://topcryptocards.eu/at/vergleichen/bybit-card-vs-revolut-metal","noindex-in-sitemap","200","robots noindex sur une URL de sitemap"
"https://topcryptocards.eu/be/comparer/crypto-com-midnight-blue-vs-kraken-krak-card","noindex-in-sitemap","200","robots noindex sur une URL de sitemap"
"https://topcryptocards.eu/at/vergleichen/crypto-com-midnight-blue-vs-kraken-krak-card","noindex-in-sitemap","200","robots noindex sur une URL de sitemap"
"https://topcryptocards.eu/be/comparer/crypto-com-midnight-blue-vs-nexo-card","noindex-in-sitemap","200","robots noindex sur une URL de sitemap"
"https://topcryptocards.eu/at/vergleichen/crypto-com-midnight-blue-vs-nexo-card","noindex-in-sitemap","200","robots noindex sur une URL de sitemap"
"https://topcryptocards.eu/be/comparer/crypto-com-midnight-blue-vs-okx-card","noindex-in-sitemap","200","robots noindex sur une URL de sitemap"
"https://topcryptocards.eu/at/vergleichen/crypto-com-midnight-blue-vs-okx-card","noindex-in-sitemap","200","robots noindex sur une URL de sitemap"
"https://topcryptocards.eu/be/comparer/crypto-com-midnight-blue-vs-revolut-metal","noindex-in-sitemap","200","robots noindex sur une URL de sitemap"
"https://topcryptocards.eu/at/vergleichen/crypto-com-midnight-blue-vs-revolut-metal","noindex-in-sitemap","200","robots noindex sur une URL de sitemap"
"https://topcryptocards.eu/be/comparer/crypto-com-ruby-steel-vs-nexo-card","noindex-in-sitemap","200","robots noindex sur une URL de sitemap"
"https://topcryptocards.eu/at/vergleichen/crypto-com-ruby-steel-vs-nexo-card","noindex-in-sitemap","200","robots noindex sur une URL de sitemap"
"https://topcryptocards.eu/be/comparer/deblock-card-vs-nexo-card","noindex-in-sitemap","200","robots noindex sur une URL de sitemap"
"https://topcryptocards.eu/at/vergleichen/deblock-card-vs-nexo-card","noindex-in-sitemap","200","robots noindex sur une URL de sitemap"
"https://topcryptocards.eu/be/comparer/gnosis-pay-card-vs-metamask-card","noindex-in-sitemap","200","robots noindex sur une URL de sitemap"
"https://topcryptocards.eu/at/vergleichen/gnosis-pay-card-vs-metamask-card","noindex-in-sitemap","200","robots noindex sur une URL de sitemap"
"https://topcryptocards.eu/be/comparer/gnosis-pay-card-vs-nexo-card","noindex-in-sitemap","200","robots noindex sur une URL de sitemap"
"https://topcryptocards.eu/at/vergleichen/gnosis-pay-card-vs-nexo-card","noindex-in-sitemap","200","robots noindex sur une URL de sitemap"
"https://topcryptocards.eu/be/comparer/gnosis-pay-card-vs-revolut-metal","noindex-in-sitemap","200","robots noindex sur une URL de sitemap"
"https://topcryptocards.eu/at/vergleichen/gnosis-pay-card-vs-revolut-metal","noindex-in-sitemap","200","robots noindex sur une URL de sitemap"
"https://topcryptocards.eu/be/comparer/kraken-krak-card-vs-nexo-card","noindex-in-sitemap","200","robots noindex sur une URL de sitemap"
"https://topcryptocards.eu/at/vergleichen/kraken-krak-card-vs-nexo-card","noindex-in-sitemap","200","robots noindex sur une URL de sitemap"
"https://topcryptocards.eu/be/comparer/metamask-card-vs-nexo-card","noindex-in-sitemap","200","robots noindex sur une URL de sitemap"
"https://topcryptocards.eu/at/vergleichen/metamask-card-vs-nexo-card","noindex-in-sitemap","200","robots noindex sur une URL de sitemap"
"https://topcryptocards.eu/be/comparer/metamask-card-vs-revolut-metal","noindex-in-sitemap","200","robots noindex sur une URL de sitemap"
"https://topcryptocards.eu/at/vergleichen/metamask-card-vs-revolut-metal","noindex-in-sitemap","200","robots noindex sur une URL de sitemap"
"https://topcryptocards.eu/be/comparer/nexo-card-vs-okx-card","noindex-in-sitemap","200","robots noindex sur une URL de sitemap"
"https://topcryptocards.eu/at/vergleichen/nexo-card-vs-okx-card","noindex-in-sitemap","200","robots noindex sur une URL de sitemap"
"https://topcryptocards.eu/be/comparer/nexo-card-vs-plutus-card","noindex-in-sitemap","200","robots noindex sur une URL de sitemap"
"https://topcryptocards.eu/at/vergleichen/nexo-card-vs-plutus-card","noindex-in-sitemap","200","robots noindex sur une URL de sitemap"
"https://topcryptocards.eu/be/comparer/nexo-card-vs-revolut-metal","noindex-in-sitemap","200","robots noindex sur une URL de sitemap"
"https://topcryptocards.eu/at/vergleichen/nexo-card-vs-revolut-metal","noindex-in-sitemap","200","robots noindex sur une URL de sitemap"
"https://topcryptocards.eu/be/comparer/plutus-card-vs-revolut-metal","noindex-in-sitemap","200","robots noindex sur une URL de sitemap"
"https://topcryptocards.eu/at/vergleichen/plutus-card-vs-revolut-metal","noindex-in-sitemap","200","robots noindex sur une URL de sitemap"
"https://topcryptocards.eu/fr/cryptos/eth","noindex-in-sitemap","200","robots noindex sur une URL de sitemap"
"https://topcryptocards.eu/fr/cryptos/btc","noindex-in-sitemap","200","robots noindex sur une URL de sitemap"
"https://topcryptocards.eu/fr/cryptos/xrp","noindex-in-sitemap","200","robots noindex sur une URL de sitemap"
"https://topcryptocards.eu/fr/cryptos/bnb","noindex-in-sitemap","200","robots noindex sur une URL de sitemap"
"https://topcryptocards.eu/fr/cryptos/sol","noindex-in-sitemap","200","robots noindex sur une URL de sitemap"
"https://topcryptocards.eu/fr/cryptos/avax","noindex-in-sitemap","200","robots noindex sur une URL de sitemap"
"https://topcryptocards.eu/fr/cryptos/ada","noindex-in-sitemap","200","robots noindex sur une URL de sitemap"
"https://topcryptocards.eu/fr/cryptos/doge","noindex-in-sitemap","200","robots noindex sur une URL de sitemap"
"https://topcryptocards.eu/fr/cryptos/usdc","noindex-in-sitemap","200","robots noindex sur une URL de sitemap"
"https://topcryptocards.eu/fr/cryptos/usdt","noindex-in-sitemap","200","robots noindex sur une URL de sitemap"
"https://topcryptocards.eu/de/cryptos/btc","noindex-in-sitemap","200","robots noindex sur une URL de sitemap"
"https://topcryptocards.eu/de/cryptos/xrp","noindex-in-sitemap","200","robots noindex sur une URL de sitemap"
"https://topcryptocards.eu/de/cryptos/eth","noindex-in-sitemap","200","robots noindex sur une URL de sitemap"
"https://topcryptocards.eu/de/cryptos/bnb","noindex-in-sitemap","200","robots noindex sur une URL de sitemap"
"https://topcryptocards.eu/de/cryptos/sol","noindex-in-sitemap","200","robots noindex sur une URL de sitemap"
"https://topcryptocards.eu/de/cryptos/ada","noindex-in-sitemap","200","robots noindex sur une URL de sitemap"
"https://topcryptocards.eu/de/cryptos/avax","noindex-in-sitemap","200","robots noindex sur une URL de sitemap"
"https://topcryptocards.eu/de/cryptos/doge","noindex-in-sitemap","200","robots noindex sur une URL de sitemap"
"https://topcryptocards.eu/de/cryptos/usdt","noindex-in-sitemap","200","robots noindex sur une URL de sitemap"
"https://topcryptocards.eu/de/cryptos/usdc","noindex-in-sitemap","200","robots noindex sur une URL de sitemap"
"https://topcryptocards.eu/es/cryptos/btc","noindex-in-sitemap","200","robots noindex sur une URL de sitemap"
"https://topcryptocards.eu/es/cryptos/eth","noindex-in-sitemap","200","robots noindex sur une URL de sitemap"
"https://topcryptocards.eu/es/cryptos/bnb","noindex-in-sitemap","200","robots noindex sur une URL de sitemap"
"https://topcryptocards.eu/es/cryptos/xrp","noindex-in-sitemap","200","robots noindex sur une URL de sitemap"
"https://topcryptocards.eu/es/cryptos/sol","noindex-in-sitemap","200","robots noindex sur une URL de sitemap"
"https://topcryptocards.eu/es/cryptos/ada","noindex-in-sitemap","200","robots noindex sur une URL de sitemap"
"https://topcryptocards.eu/es/cryptos/avax","noindex-in-sitemap","200","robots noindex sur une URL de sitemap"
"https://topcryptocards.eu/es/cryptos/usdt","noindex-in-sitemap","200","robots noindex sur une URL de sitemap"
"https://topcryptocards.eu/es/cryptos/doge","noindex-in-sitemap","200","robots noindex sur une URL de sitemap"
"https://topcryptocards.eu/es/cryptos/usdc","noindex-in-sitemap","200","robots noindex sur une URL de sitemap"
"https://topcryptocards.eu/it/cryptos/btc","noindex-in-sitemap","200","robots noindex sur une URL de sitemap"
"https://topcryptocards.eu/it/cryptos/eth","noindex-in-sitemap","200","robots noindex sur une URL de sitemap"
"https://topcryptocards.eu/it/cryptos/xrp","noindex-in-sitemap","200","robots noindex sur une URL de sitemap"
"https://topcryptocards.eu/it/cryptos/bnb","noindex-in-sitemap","200","robots noindex sur une URL de sitemap"
"https://topcryptocards.eu/it/cryptos/sol","noindex-in-sitemap","200","robots noindex sur une URL de sitemap"
"https://topcryptocards.eu/it/cryptos/ada","noindex-in-sitemap","200","robots noindex sur une URL de sitemap"
"https://topcryptocards.eu/it/cryptos/avax","noindex-in-sitemap","200","robots noindex sur une URL de sitemap"
"https://topcryptocards.eu/it/cryptos/doge","noindex-in-sitemap","200","robots noindex sur une URL de sitemap"
"https://topcryptocards.eu/it/cryptos/usdt","noindex-in-sitemap","200","robots noindex sur une URL de sitemap"
"https://topcryptocards.eu/it/cryptos/usdc","noindex-in-sitemap","200","robots noindex sur une URL de sitemap"
"https://topcryptocards.eu/en/cryptos/btc","noindex-in-sitemap","200","robots noindex sur une URL de sitemap"
"https://topcryptocards.eu/en/cryptos/bnb","noindex-in-sitemap","200","robots noindex sur une URL de sitemap"
"https://topcryptocards.eu/en/cryptos/xrp","noindex-in-sitemap","200","robots noindex sur une URL de sitemap"
"https://topcryptocards.eu/en/cryptos/eth","noindex-in-sitemap","200","robots noindex sur une URL de sitemap"
"https://topcryptocards.eu/en/cryptos/ada","noindex-in-sitemap","200","robots noindex sur une URL de sitemap"
"https://topcryptocards.eu/en/cryptos/avax","noindex-in-sitemap","200","robots noindex sur une URL de sitemap"
"https://topcryptocards.eu/en/cryptos/sol","noindex-in-sitemap","200","robots noindex sur une URL de sitemap"
"https://topcryptocards.eu/en/cryptos/usdc","noindex-in-sitemap","200","robots noindex sur une URL de sitemap"
"https://topcryptocards.eu/en/cryptos/doge","noindex-in-sitemap","200","robots noindex sur une URL de sitemap"
"https://topcryptocards.eu/en/cryptos/usdt","noindex-in-sitemap","200","robots noindex sur une URL de sitemap"
"https://topcryptocards.eu/at/cryptos/btc","noindex-in-sitemap","200","robots noindex sur une URL de sitemap"
"https://topcryptocards.eu/be/cryptos/btc","noindex-in-sitemap","200","robots noindex sur une URL de sitemap"
"https://topcryptocards.eu/be/cryptos/eth","noindex-in-sitemap","200","robots noindex sur une URL de sitemap"
"https://topcryptocards.eu/be/cryptos/xrp","noindex-in-sitemap","200","robots noindex sur une URL de sitemap"
"https://topcryptocards.eu/at/cryptos/eth","noindex-in-sitemap","200","robots noindex sur une URL de sitemap"
"https://topcryptocards.eu/at/cryptos/xrp","noindex-in-sitemap","200","robots noindex sur une URL de sitemap"
"https://topcryptocards.eu/be/cryptos/bnb","noindex-in-sitemap","200","robots noindex sur une URL de sitemap"
"https://topcryptocards.eu/at/cryptos/bnb","noindex-in-sitemap","200","robots noindex sur une URL de sitemap"
"https://topcryptocards.eu/be/cryptos/sol","noindex-in-sitemap","200","robots noindex sur une URL de sitemap"
"https://topcryptocards.eu/at/cryptos/sol","noindex-in-sitemap","200","robots noindex sur une URL de sitemap"
"https://topcryptocards.eu/be/cryptos/ada","noindex-in-sitemap","200","robots noindex sur une URL de sitemap"
"https://topcryptocards.eu/at/cryptos/ada","noindex-in-sitemap","200","robots noindex sur une URL de sitemap"
"https://topcryptocards.eu/be/cryptos/avax","noindex-in-sitemap","200","robots noindex sur une URL de sitemap"
"https://topcryptocards.eu/at/cryptos/avax","noindex-in-sitemap","200","robots noindex sur une URL de sitemap"
"https://topcryptocards.eu/be/cryptos/doge","noindex-in-sitemap","200","robots noindex sur une URL de sitemap"
"https://topcryptocards.eu/at/cryptos/doge","noindex-in-sitemap","200","robots noindex sur une URL de sitemap"
"https://topcryptocards.eu/at/cryptos/usdt","noindex-in-sitemap","200","robots noindex sur une URL de sitemap"
"https://topcryptocards.eu/be/cryptos/usdt","noindex-in-sitemap","200","robots noindex sur une URL de sitemap"
"https://topcryptocards.eu/be/cryptos/usdc","noindex-in-sitemap","200","robots noindex sur une URL de sitemap"
"https://topcryptocards.eu/be/cryptos","noindex-in-sitemap","200","robots noindex sur une URL de sitemap"
"https://topcryptocards.eu/at/cryptos/usdc","noindex-in-sitemap","200","robots noindex sur une URL de sitemap"
"https://topcryptocards.eu/at/cryptos","noindex-in-sitemap","200","robots noindex sur une URL de sitemap"
"https://topcryptocards.eu/pt/cryptos/btc","noindex-in-sitemap","200","robots noindex sur une URL de sitemap"
"https://topcryptocards.eu/pt/cryptos/eth","noindex-in-sitemap","200","robots noindex sur une URL de sitemap"
"https://topcryptocards.eu/pt/cryptos/bnb","noindex-in-sitemap","200","robots noindex sur une URL de sitemap"
"https://topcryptocards.eu/pt/cryptos/xrp","noindex-in-sitemap","200","robots noindex sur une URL de sitemap"
"https://topcryptocards.eu/pt/cryptos/sol","noindex-in-sitemap","200","robots noindex sur une URL de sitemap"
"https://topcryptocards.eu/pt/cryptos/avax","noindex-in-sitemap","200","robots noindex sur une URL de sitemap"
"https://topcryptocards.eu/pt/cryptos/ada","noindex-in-sitemap","200","robots noindex sur une URL de sitemap"
"https://topcryptocards.eu/pt/cryptos/doge","noindex-in-sitemap","200","robots noindex sur une URL de sitemap"
"https://topcryptocards.eu/pt/cryptos/usdt","noindex-in-sitemap","200","robots noindex sur une URL de sitemap"
"https://topcryptocards.eu/pt/cryptos/usdc","noindex-in-sitemap","200","robots noindex sur une URL de sitemap"
"https://topcryptocards.eu/be/avis/bingx-metal-card","noindex-in-sitemap","200","robots noindex sur une URL de sitemap"
"https://topcryptocards.eu/at/bewertungen/bingx-metal-card","noindex-in-sitemap","200","robots noindex sur une URL de sitemap"
"https://topcryptocards.eu/be/avis/binance-card","noindex-in-sitemap","200","robots noindex sur une URL de sitemap"
"https://topcryptocards.eu/be/avis/bit2me-card","noindex-in-sitemap","200","robots noindex sur une URL de sitemap"
"https://topcryptocards.eu/be/avis/bitget-card","noindex-in-sitemap","200","robots noindex sur une URL de sitemap"
"https://topcryptocards.eu/be/avis/bitpanda-card","noindex-in-sitemap","200","robots noindex sur une URL de sitemap"
"https://topcryptocards.eu/be/avis/bleap-card","noindex-in-sitemap","200","robots noindex sur une URL de sitemap"
"https://topcryptocards.eu/be/avis/brighty-card","noindex-in-sitemap","200","robots noindex sur une URL de sitemap"
"https://topcryptocards.eu/be/avis/coinbase-card","noindex-in-sitemap","200","robots noindex sur une URL de sitemap"
"https://topcryptocards.eu/be/avis/crypto-com-card","noindex-in-sitemap","200","robots noindex sur une URL de sitemap"
"https://topcryptocards.eu/be/avis/bybit-card","noindex-in-sitemap","200","robots noindex sur une URL de sitemap"
"https://topcryptocards.eu/be/avis/deblock-card","noindex-in-sitemap","200","robots noindex sur une URL de sitemap"
"https://topcryptocards.eu/be/avis/gnosis-pay-card","noindex-in-sitemap","200","robots noindex sur une URL de sitemap"
"https://topcryptocards.eu/be/avis/ether-fi-card","noindex-in-sitemap","200","robots noindex sur une URL de sitemap"
"https://topcryptocards.eu/be/avis/kraken-card","noindex-in-sitemap","200","robots noindex sur une URL de sitemap"
"https://topcryptocards.eu/be/avis/kucard","noindex-in-sitemap","200","robots noindex sur une URL de sitemap"
"https://topcryptocards.eu/be/avis/ledger-card","noindex-in-sitemap","200","robots noindex sur une URL de sitemap"
"https://topcryptocards.eu/be/avis/metamask-card","noindex-in-sitemap","200","robots noindex sur une URL de sitemap"
"https://topcryptocards.eu/be/avis/nexo-card","noindex-in-sitemap","200","robots noindex sur une URL de sitemap"
"https://topcryptocards.eu/be/avis/okx-card","noindex-in-sitemap","200","robots noindex sur une URL de sitemap"
"https://topcryptocards.eu/be/avis/revolut-card","noindex-in-sitemap","200","robots noindex sur une URL de sitemap"
"https://topcryptocards.eu/be/avis/plutus-card","noindex-in-sitemap","200","robots noindex sur une URL de sitemap"
"https://topcryptocards.eu/be/avis/trade-republic-card","noindex-in-sitemap","200","robots noindex sur une URL de sitemap"
"https://topcryptocards.eu/be/avis/whitebit-card","noindex-in-sitemap","200","robots noindex sur une URL de sitemap"
"https://topcryptocards.eu/be/avis/wirex-card","noindex-in-sitemap","200","robots noindex sur une URL de sitemap"
"https://topcryptocards.eu/be/avis/young-platform-card","noindex-in-sitemap","200","robots noindex sur une URL de sitemap"
"https://topcryptocards.eu/at/bewertungen/binance-card","noindex-in-sitemap","200","robots noindex sur une URL de sitemap"
"https://topcryptocards.eu/at/bewertungen/bit2me-card","noindex-in-sitemap","200","robots noindex sur une URL de sitemap"
"https://topcryptocards.eu/at/bewertungen/bitget-card","noindex-in-sitemap","200","robots noindex sur une URL de sitemap"
"https://topcryptocards.eu/at/bewertungen/bitpanda-card","noindex-in-sitemap","200","robots noindex sur une URL de sitemap"
"https://topcryptocards.eu/at/bewertungen/bleap-card","noindex-in-sitemap","200","robots noindex sur une URL de sitemap"
"https://topcryptocards.eu/at/bewertungen/brighty-card","noindex-in-sitemap","200","robots noindex sur une URL de sitemap"
"https://topcryptocards.eu/at/bewertungen/bybit-card","noindex-in-sitemap","200","robots noindex sur une URL de sitemap"
"https://topcryptocards.eu/at/bewertungen/crypto-com-card","noindex-in-sitemap","200","robots noindex sur une URL de sitemap"
"https://topcryptocards.eu/at/bewertungen/coinbase-card","noindex-in-sitemap","200","robots noindex sur une URL de sitemap"
"https://topcryptocards.eu/at/bewertungen/deblock-card","noindex-in-sitemap","200","robots noindex sur une URL de sitemap"
"https://topcryptocards.eu/at/bewertungen/ether-fi-card","noindex-in-sitemap","200","robots noindex sur une URL de sitemap"
"https://topcryptocards.eu/at/bewertungen/gnosis-pay-card","noindex-in-sitemap","200","robots noindex sur une URL de sitemap"
"https://topcryptocards.eu/at/bewertungen/kraken-card","noindex-in-sitemap","200","robots noindex sur une URL de sitemap"
"https://topcryptocards.eu/at/bewertungen/ledger-card","noindex-in-sitemap","200","robots noindex sur une URL de sitemap"
"https://topcryptocards.eu/at/bewertungen/kucard","noindex-in-sitemap","200","robots noindex sur une URL de sitemap"
"https://topcryptocards.eu/at/bewertungen/nexo-card","noindex-in-sitemap","200","robots noindex sur une URL de sitemap"
"https://topcryptocards.eu/at/bewertungen/metamask-card","noindex-in-sitemap","200","robots noindex sur une URL de sitemap"
"https://topcryptocards.eu/at/bewertungen/okx-card","noindex-in-sitemap","200","robots noindex sur une URL de sitemap"
"https://topcryptocards.eu/at/bewertungen/plutus-card","noindex-in-sitemap","200","robots noindex sur une URL de sitemap"
"https://topcryptocards.eu/at/bewertungen/revolut-card","noindex-in-sitemap","200","robots noindex sur une URL de sitemap"
"https://topcryptocards.eu/at/bewertungen/trade-republic-card","noindex-in-sitemap","200","robots noindex sur une URL de sitemap"
"https://topcryptocards.eu/at/bewertungen/whitebit-card","noindex-in-sitemap","200","robots noindex sur une URL de sitemap"
"https://topcryptocards.eu/at/bewertungen/wirex-card","noindex-in-sitemap","200","robots noindex sur une URL de sitemap"
"https://topcryptocards.eu/at/bewertungen/young-platform-card","noindex-in-sitemap","200","robots noindex sur une URL de sitemap"
"https://topcryptocards.eu/fr/marques/ether-fi","noindex-in-sitemap","200","robots noindex sur une URL de sitemap"
"https://topcryptocards.eu/de/marken/ether-fi","noindex-in-sitemap","200","robots noindex sur une URL de sitemap"
"https://topcryptocards.eu/es/marcas/ether-fi","noindex-in-sitemap","200","robots noindex sur une URL de sitemap"
"https://topcryptocards.eu/it/marche/ether-fi","noindex-in-sitemap","200","robots noindex sur une URL de sitemap"
"https://topcryptocards.eu/en/brands/ether-fi","noindex-in-sitemap","200","robots noindex sur une URL de sitemap"
"https://topcryptocards.eu/fr/marques/bitget","noindex-in-sitemap","200","robots noindex sur une URL de sitemap"
"https://topcryptocards.eu/de/marken/bitget","noindex-in-sitemap","200","robots noindex sur une URL de sitemap"
"https://topcryptocards.eu/es/marcas/bitget","noindex-in-sitemap","200","robots noindex sur une URL de sitemap"
"https://topcryptocards.eu/it/marche/bitget","noindex-in-sitemap","200","robots noindex sur une URL de sitemap"
"https://topcryptocards.eu/en/brands/bitget","noindex-in-sitemap","200","robots noindex sur une URL de sitemap"
"https://topcryptocards.eu/fr/marques/kucoin","noindex-in-sitemap","200","robots noindex sur une URL de sitemap"
"https://topcryptocards.eu/de/marken/kucoin","noindex-in-sitemap","200","robots noindex sur une URL de sitemap"
"https://topcryptocards.eu/es/marcas/kucoin","noindex-in-sitemap","200","robots noindex sur une URL de sitemap"
"https://topcryptocards.eu/it/marche/kucoin","noindex-in-sitemap","200","robots noindex sur une URL de sitemap"
"https://topcryptocards.eu/en/brands/kucoin","noindex-in-sitemap","200","robots noindex sur une URL de sitemap"
"https://topcryptocards.eu/fr/marques/young-platform","noindex-in-sitemap","200","robots noindex sur une URL de sitemap"
"https://topcryptocards.eu/de/marken/young-platform","noindex-in-sitemap","200","robots noindex sur une URL de sitemap"
"https://topcryptocards.eu/it/marche/young-platform","noindex-in-sitemap","200","robots noindex sur une URL de sitemap"
"https://topcryptocards.eu/es/marcas/young-platform","noindex-in-sitemap","200","robots noindex sur une URL de sitemap"
"https://topcryptocards.eu/en/brands/young-platform","noindex-in-sitemap","200","robots noindex sur une URL de sitemap"
"https://topcryptocards.eu/fr/marques/bit2me","noindex-in-sitemap","200","robots noindex sur une URL de sitemap"
"https://topcryptocards.eu/es/marcas/bit2me","noindex-in-sitemap","200","robots noindex sur une URL de sitemap"
"https://topcryptocards.eu/it/marche/bit2me","noindex-in-sitemap","200","robots noindex sur une URL de sitemap"
"https://topcryptocards.eu/de/marken/bit2me","noindex-in-sitemap","200","robots noindex sur une URL de sitemap"
"https://topcryptocards.eu/en/brands/bit2me","noindex-in-sitemap","200","robots noindex sur une URL de sitemap"
"https://topcryptocards.eu/fr/marques/whitebit","noindex-in-sitemap","200","robots noindex sur une URL de sitemap"
"https://topcryptocards.eu/de/marken/whitebit","noindex-in-sitemap","200","robots noindex sur une URL de sitemap"
"https://topcryptocards.eu/es/marcas/whitebit","noindex-in-sitemap","200","robots noindex sur une URL de sitemap"
"https://topcryptocards.eu/it/marche/whitebit","noindex-in-sitemap","200","robots noindex sur une URL de sitemap"
"https://topcryptocards.eu/en/brands/whitebit","noindex-in-sitemap","200","robots noindex sur une URL de sitemap"
"https://topcryptocards.eu/fr/marques/gate","noindex-in-sitemap","200","robots noindex sur une URL de sitemap"
"https://topcryptocards.eu/de/marken/gate","noindex-in-sitemap","200","robots noindex sur une URL de sitemap"
"https://topcryptocards.eu/it/marche/gate","noindex-in-sitemap","200","robots noindex sur une URL de sitemap"
"https://topcryptocards.eu/es/marcas/gate","noindex-in-sitemap","200","robots noindex sur une URL de sitemap"
"https://topcryptocards.eu/en/brands/gate","noindex-in-sitemap","200","robots noindex sur une URL de sitemap"
"https://topcryptocards.eu/be/marques/bitpanda","noindex-in-sitemap","200","robots noindex sur une URL de sitemap"
"https://topcryptocards.eu/at/marken/bitpanda","noindex-in-sitemap","200","robots noindex sur une URL de sitemap"
"https://topcryptocards.eu/be/marques/bleap","noindex-in-sitemap","200","robots noindex sur une URL de sitemap"
"https://topcryptocards.eu/at/marken/bleap","noindex-in-sitemap","200","robots noindex sur une URL de sitemap"
"https://topcryptocards.eu/be/marques/bybit","noindex-in-sitemap","200","robots noindex sur une URL de sitemap"
"https://topcryptocards.eu/at/marken/bybit","noindex-in-sitemap","200","robots noindex sur une URL de sitemap"
"https://topcryptocards.eu/be/marques/crypto-com","noindex-in-sitemap","200","robots noindex sur une URL de sitemap"
"https://topcryptocards.eu/at/marken/crypto-com","noindex-in-sitemap","200","robots noindex sur une URL de sitemap"
"https://topcryptocards.eu/be/marques/deblock","noindex-in-sitemap","200","robots noindex sur une URL de sitemap"
"https://topcryptocards.eu/at/marken/deblock","noindex-in-sitemap","200","robots noindex sur une URL de sitemap"
"https://topcryptocards.eu/be/marques/gnosis","noindex-in-sitemap","200","robots noindex sur une URL de sitemap"
"https://topcryptocards.eu/at/marken/gnosis","noindex-in-sitemap","200","robots noindex sur une URL de sitemap"
"https://topcryptocards.eu/be/marques/kraken","noindex-in-sitemap","200","robots noindex sur une URL de sitemap"
"https://topcryptocards.eu/at/marken/kraken","noindex-in-sitemap","200","robots noindex sur une URL de sitemap"
"https://topcryptocards.eu/be/marques/ledger","noindex-in-sitemap","200","robots noindex sur une URL de sitemap"
"https://topcryptocards.eu/at/marken/ledger","noindex-in-sitemap","200","robots noindex sur une URL de sitemap"
"https://topcryptocards.eu/be/marques/nexo","noindex-in-sitemap","200","robots noindex sur une URL de sitemap"
"https://topcryptocards.eu/at/marken/nexo","noindex-in-sitemap","200","robots noindex sur une URL de sitemap"
"https://topcryptocards.eu/at/marken/okx","noindex-in-sitemap","200","robots noindex sur une URL de sitemap"
"https://topcryptocards.eu/be/marques/okx","noindex-in-sitemap","200","robots noindex sur une URL de sitemap"
"https://topcryptocards.eu/be/marques/plutus","noindex-in-sitemap","200","robots noindex sur une URL de sitemap"
"https://topcryptocards.eu/at/marken/plutus","noindex-in-sitemap","200","robots noindex sur une URL de sitemap"
"https://topcryptocards.eu/be/marques/revolut","noindex-in-sitemap","200","robots noindex sur une URL de sitemap"
"https://topcryptocards.eu/at/marken/revolut","noindex-in-sitemap","200","robots noindex sur une URL de sitemap"
"https://topcryptocards.eu/be/marques/trade-republic","noindex-in-sitemap","200","robots noindex sur une URL de sitemap"
"https://topcryptocards.eu/at/marken/trade-republic","noindex-in-sitemap","200","robots noindex sur une URL de sitemap"
"https://topcryptocards.eu/be/marques/metamask","noindex-in-sitemap","200","robots noindex sur une URL de sitemap"
"https://topcryptocards.eu/be/marques/ether-fi","noindex-in-sitemap","200","robots noindex sur une URL de sitemap"
"https://topcryptocards.eu/at/marken/metamask","noindex-in-sitemap","200","robots noindex sur une URL de sitemap"
"https://topcryptocards.eu/at/marken/ether-fi","noindex-in-sitemap","200","robots noindex sur une URL de sitemap"
"https://topcryptocards.eu/be/marques/bitget","noindex-in-sitemap","200","robots noindex sur une URL de sitemap"
"https://topcryptocards.eu/be/marques/kucoin","noindex-in-sitemap","200","robots noindex sur une URL de sitemap"
"https://topcryptocards.eu/at/marken/bitget","noindex-in-sitemap","200","robots noindex sur une URL de sitemap"
"https://topcryptocards.eu/at/marken/kucoin","noindex-in-sitemap","200","robots noindex sur une URL de sitemap"
"https://topcryptocards.eu/be/marques/young-platform","noindex-in-sitemap","200","robots noindex sur une URL de sitemap"
"https://topcryptocards.eu/at/marken/young-platform","noindex-in-sitemap","200","robots noindex sur une URL de sitemap"
"https://topcryptocards.eu/be/marques/bit2me","noindex-in-sitemap","200","robots noindex sur une URL de sitemap"
"https://topcryptocards.eu/at/marken/bit2me","noindex-in-sitemap","200","robots noindex sur une URL de sitemap"
"https://topcryptocards.eu/be/marques/whitebit","noindex-in-sitemap","200","robots noindex sur une URL de sitemap"
"https://topcryptocards.eu/at/marken/whitebit","noindex-in-sitemap","200","robots noindex sur une URL de sitemap"
"https://topcryptocards.eu/be/marques/gate","noindex-in-sitemap","200","robots noindex sur une URL de sitemap"
"https://topcryptocards.eu/at/marken/gate","noindex-in-sitemap","200","robots noindex sur une URL de sitemap"
"https://topcryptocards.eu/pt/marcas/ether-fi","noindex-in-sitemap","200","robots noindex sur une URL de sitemap"
"https://topcryptocards.eu/pt/marcas/bitget","noindex-in-sitemap","200","robots noindex sur une URL de sitemap"
"https://topcryptocards.eu/pt/marcas/young-platform","noindex-in-sitemap","200","robots noindex sur une URL de sitemap"
"https://topcryptocards.eu/pt/marcas/kucoin","noindex-in-sitemap","200","robots noindex sur une URL de sitemap"
"https://topcryptocards.eu/pt/marcas/bit2me","noindex-in-sitemap","200","robots noindex sur une URL de sitemap"
"https://topcryptocards.eu/pt/marcas/whitebit","noindex-in-sitemap","200","robots noindex sur une URL de sitemap"
"https://topcryptocards.eu/pt/marcas/gate","noindex-in-sitemap","200","robots noindex sur une URL de sitemap"
"https://topcryptocards.eu/be/marques/bingx","noindex-in-sitemap","200","robots noindex sur une URL de sitemap"
"https://topcryptocards.eu/at/marken/bingx","noindex-in-sitemap","200","robots noindex sur une URL de sitemap"